frame,cpu_grayscale_ms,cpu_blur_ms,cpu_equalize_ms,cpu_morphology_ms,cpu_canny_ms,cpu_total_ms,gpu_grayscale_ms,gpu_blur_ms,gpu_equalize_ms,gpu_morphology_ms,gpu_canny_ms,gpu_total_ms,speedup
1,0.2077,0.3888,0.9285,0.6562,1.6971,3.8782,0.1078,0.0930,0.1849,6.5938,0.4491,8.0301,0.4830
2,0.0753,0.0615,0.2145,0.0933,0.2123,0.6568,0.0595,0.0460,0.0890,4.3006,0.2023,4.8742,0.1347
3,0.0988,0.0715,0.1353,0.1095,0.2116,0.6266,0.0299,0.0200,0.0607,5.8586,0.3100,6.5221,0.0961
4,0.2804,0.2128,1.5395,0.5023,0.8875,3.4224,0.1027,0.0796,0.1381,6.9776,0.3309,8.1117,0.4219
5,0.0839,0.1263,0.1335,0.1605,0.2981,0.8023,0.0811,0.0787,0.1373,6.6317,0.4947,8.0191,0.1001
6,0.0956,0.0697,0.1221,0.1074,0.1930,0.5878,0.0274,0.0213,0.0879,3.5454,0.1736,4.0234,0.1461
7,0.0629,0.0776,0.1395,0.1010,0.1847,0.5657,0.0321,0.0198,0.0877,3.3756,0.1457,3.8195,0.1481
8,0.1046,0.0621,0.1349,0.1068,0.2095,0.6179,0.0287,0.0205,0.0867,3.3823,0.2804,3.9759,0.1554
9,0.0710,0.0911,0.2797,0.1884,1.9639,2.5941,0.0944,0.0824,0.1670,5.2288,0.1718,6.1933,0.4189
10,0.2307,1.1990,0.9232,0.6920,1.4147,4.4597,0.1468,0.0961,0.1891,7.2940,0.2901,8.6166,0.5176
11,0.2739,0.3166,0.9389,0.6786,1.3084,3.5164,0.1009,0.0865,0.1757,6.6062,0.2523,7.8160,0.4499
12,0.1778,0.4175,1.0279,0.6638,1.4651,3.7521,0.1106,0.2435,0.1940,7.1251,0.3615,8.5541,0.4386
13,0.2710,0.1716,0.8251,0.6562,1.4346,3.3585,0.1108,0.0904,0.2050,6.2820,0.2455,7.5346,0.4457
14,0.1097,0.0752,0.2106,0.1515,0.2519,0.7988,0.0824,0.0686,0.1286,4.6464,0.1527,5.4250,0.1473
15,0.0922,0.0666,0.1283,0.1139,0.2296,0.6306,0.0288,0.0201,0.0859,3.4100,0.1539,3.8603,0.1634
16,0.1719,0.1920,0.8094,0.6521,1.1738,2.9992,0.1026,0.0885,0.1830,6.2522,0.3053,7.5130,0.3992
17,0.2013,0.3301,0.8494,0.9228,1.4164,3.7201,0.1271,0.1261,0.6833,7.2421,0.3851,9.4195,0.3949
18,0.1919,0.3208,0.8470,0.7201,2.7642,4.8440,0.1159,0.1018,0.2202,6.4118,0.2601,7.7194,0.6275
19,0.7933,0.8224,0.9925,0.7955,1.6978,5.1015,0.1375,0.1219,0.1963,6.9956,0.3746,8.6875,0.5872
20,0.3125,1.3450,1.1444,0.7512,1.3723,4.9253,0.1253,0.0980,0.1891,6.3681,0.2500,7.6499,0.6438
21,0.2009,0.1764,0.6486,0.6573,1.4018,3.0849,0.1072,0.0837,0.1840,6.0140,0.3290,7.4572,0.4137
22,0.2276,0.1612,0.7397,0.6664,1.3170,3.1119,0.1089,0.8107,0.1943,5.7518,0.2390,7.7839,0.3998
23,0.2833,0.5848,1.0532,0.6860,1.4634,4.0707,0.1122,0.1146,0.1865,6.7195,0.4420,8.2217,0.4951
24,0.1233,0.1481,3.1113,0.6980,1.8361,5.9170,0.1115,0.0941,0.1900,7.4063,0.4616,8.9214,0.6632
25,0.1478,0.1109,0.2959,0.5087,2.3604,3.4237,0.1097,0.1016,0.2311,6.8290,0.3846,8.3273,0.4111
26,0.0934,0.0615,0.1285,0.1059,0.1957,0.5850,0.0287,0.0207,0.0872,4.2641,0.1297,4.6951,0.1246
27,0.1779,0.1540,0.5499,0.6704,1.4245,2.9767,0.1229,0.0974,0.1962,6.3228,0.2168,7.5650,0.3935
28,0.0449,0.0844,0.2193,0.1644,0.3423,0.8552,0.0856,0.0661,0.1342,5.6354,0.1479,6.3728,0.1342
29,0.2156,0.2794,0.9450,0.6195,1.5279,3.5874,0.1260,0.0915,0.1833,6.4322,0.3872,7.7965,0.4601
30,0.2720,0.3297,0.9908,0.6844,1.1763,3.4532,0.1781,0.0896,0.1970,6.2323,0.3032,7.9622,0.4337
31,0.0579,0.0853,0.1880,0.1387,0.5452,1.0151,0.0779,0.0633,0.1227,6.2945,0.2209,7.2747,0.1395
32,0.1386,0.1023,0.2823,0.1936,0.7581,1.4749,0.1063,0.0844,0.1839,5.5195,0.1605,6.5914,0.2238
33,0.4776,0.3399,0.8362,0.6512,1.1955,3.5003,0.1144,0.0979,0.1891,6.3240,0.3507,7.7626,0.4509
34,0.5083,0.3489,0.8641,0.8958,1.4535,4.0705,0.1269,0.1265,0.2335,7.7649,0.6779,9.8738,0.4123
35,0.5761,0.3680,0.9376,0.8913,1.2444,4.0173,0.1202,0.1206,0.2238,7.9615,0.5463,9.8878,0.4063
36,0.2182,0.1471,0.6510,0.6940,1.2643,2.9746,0.1264,0.0978,0.1979,5.6080,0.1574,6.7781,0.4388
37,0.1137,0.0660,0.1427,0.1058,0.1938,0.6220,0.0278,0.0196,0.0913,3.6884,0.2937,4.2746,0.1455
38,0.5150,0.4205,0.8643,0.6402,1.3502,3.7903,0.1008,0.0876,0.2044,6.7865,0.4079,8.1907,0.4628
39,0.5071,0.3694,1.1443,0.6546,1.2918,3.9672,0.1035,0.0887,0.1726,6.8108,0.3315,8.1105,0.4891
40,0.4498,0.3256,0.8891,0.6438,1.2404,3.5487,0.1163,0.0965,0.2011,6.4506,0.2842,7.8764,0.4505
41,0.4346,0.4245,0.8800,0.6518,1.2764,3.6673,0.1028,0.0902,0.1753,6.8341,0.2334,7.9982,0.4585
42,0.2706,0.3332,0.8890,0.6602,1.3427,3.4957,0.1194,0.0857,0.1788,6.9041,0.3781,8.3098,0.4207
43,0.3057,0.2958,0.9621,0.6882,1.3741,3.6260,0.1026,0.0874,0.1766,6.9665,0.2776,8.2272,0.4407
44,0.4618,0.4856,1.1079,0.6884,1.2536,3.9974,0.1169,0.0939,0.2140,7.0730,0.3738,8.5276,0.4688
45,0.1891,1.4251,0.8878,0.7005,1.2510,4.4534,0.1021,0.0884,0.1794,6.7871,0.3219,8.0836,0.5509
46,0.1782,0.3406,0.9229,0.6617,1.4894,3.5927,0.1025,0.0888,0.1824,7.0962,0.2283,8.2942,0.4332
47,0.5176,0.3835,2.1675,0.7078,1.8705,5.6469,0.1031,0.0867,0.1714,6.8880,0.2715,8.0768,0.6992
48,0.5084,0.3271,1.3610,0.6551,1.4419,4.2935,0.1127,0.0927,0.1823,7.1005,0.3906,8.5138,0.5043
49,0.5089,0.3641,0.9167,0.6591,1.8847,4.3335,0.1009,0.0861,0.1762,6.4906,0.3025,7.7635,0.5582
50,0.3931,0.3382,0.8356,0.6724,1.3766,3.6159,0.1137,0.0921,0.1870,6.4863,0.2352,7.7136,0.4688
51,0.5293,0.4044,0.7981,1.0793,1.4823,4.2934,0.1290,0.1260,0.2828,6.4977,0.2095,8.0347,0.5344
52,0.4974,0.3713,0.9595,0.6635,1.4881,3.9799,0.1149,0.1249,0.1937,6.3940,0.2957,7.7691,0.5123
53,0.5024,0.3253,0.9044,0.6560,1.1350,3.5231,0.1013,0.0880,0.1741,7.4018,0.5442,8.9543,0.3935
54,0.2760,0.1680,1.3742,0.7295,1.3600,3.9076,0.1306,0.0999,0.1954,6.6873,0.2210,7.9518,0.4914
55,0.0679,0.0787,0.1306,0.1305,0.2224,0.6301,0.0280,0.0188,0.0879,3.1129,0.1201,3.5379,0.1781
56,0.2842,0.1673,0.8769,0.6584,1.2163,3.2031,0.1043,0.0929,0.1869,5.9238,0.2105,7.1107,0.4505
57,0.4910,0.3903,0.9415,0.6629,1.1834,3.6691,0.1104,0.0952,0.1855,6.8412,0.3855,8.2489,0.4448
58,0.4998,0.4505,1.0452,0.8049,1.2996,4.1000,0.1169,0.0987,0.1940,6.7106,0.4582,8.2326,0.4980
59,0.6830,0.4396,0.8734,0.6243,1.3416,3.9618,0.1137,0.0967,0.2068,6.1781,0.2162,7.3817,0.5367
60,0.8096,0.3517,2.3022,0.6475,1.2630,5.3740,0.1133,0.0896,0.1894,6.2957,0.2792,7.5867,0.7083
61,0.2285,0.3760,1.0217,0.6877,1.3970,3.7110,0.1141,0.0906,0.1880,6.6529,0.3361,8.0702,0.4598
62,0.4937,0.3914,0.9791,0.6643,1.4892,4.0176,0.1032,0.0898,0.1999,6.7668,0.4293,8.1891,0.4906
63,0.4264,0.3222,0.9472,0.6704,1.2036,3.5699,0.1138,0.0908,0.1826,6.1992,0.2243,7.4338,0.4802
64,0.4941,0.3576,1.1723,0.6763,1.2026,3.9028,0.1095,0.1072,0.1880,6.3602,0.3173,7.7321,0.5048
65,0.5006,0.3996,1.0008,0.9079,1.5117,4.3205,0.1348,0.1253,0.2306,7.2367,0.3102,8.8638,0.4874
66,0.5417,0.3956,1.0136,0.6708,1.2868,3.9085,0.1320,0.1122,0.2171,6.6212,0.3034,8.0085,0.4880
67,0.4935,0.3486,0.9799,0.6623,1.6622,4.1464,0.1121,0.0892,0.1794,6.2765,0.3017,7.5788,0.5471
68,0.4819,0.3522,0.9632,0.6583,1.8095,4.2651,0.1092,0.0895,0.1848,6.8265,0.3117,8.1535,0.5231
69,0.2702,0.3158,0.8565,0.6750,1.3401,3.4576,0.1023,0.1066,0.1922,6.6532,0.2597,7.8324,0.4414
70,0.4918,0.3699,1.5112,0.6545,1.2917,4.3191,0.1144,0.0954,0.1895,6.4028,0.3149,7.7394,0.5581
71,0.2705,0.1768,1.3165,0.7138,2.0853,4.5628,0.1362,0.0947,0.1918,6.1455,0.2163,7.3273,0.6227
72,0.1921,0.2935,0.8845,0.6376,1.2598,3.2675,0.1171,0.0947,0.4061,6.9119,0.3929,8.6648,0.3771
73,0.2003,0.2927,0.8631,0.6425,1.3489,3.3475,0.1029,0.1090,0.1814,6.5776,0.2412,7.8149,0.4283
74,0.7136,0.3369,0.8911,0.6641,1.2640,3.8698,0.1162,0.1176,0.7455,6.7435,0.3330,8.6695,0.4464
75,0.2066,0.2207,0.8255,0.6351,2.3528,4.2406,0.1021,0.0886,0.1752,6.0006,0.2076,7.1033,0.5970
76,0.2730,0.3646,0.8909,0.6527,1.3012,3.4824,0.1080,0.0906,0.1822,7.0984,0.4481,8.5573,0.4069
77,0.4604,0.3503,0.8223,0.6690,1.2300,3.5319,0.1125,0.0951,0.2631,6.5063,0.3403,7.9427,0.4447
78,0.2487,0.3319,1.0458,0.9239,1.2861,3.8363,0.1229,0.1261,0.2615,8.0552,0.2836,9.6377,0.3981
79,0.2666,0.3474,0.8564,0.6705,1.3776,3.5184,0.1019,0.0838,0.1740,6.2842,0.2819,7.5545,0.4657
80,0.4869,0.6841,1.2058,0.6826,1.2628,4.3221,0.1184,0.0920,0.7610,6.2444,0.2171,8.0142,0.5393
81,0.3965,0.3699,2.6667,0.6821,1.5894,5.7045,0.1209,0.0931,0.8005,6.4744,0.2883,8.3865,0.6802
82,0.4609,0.3798,0.9778,0.6608,1.7254,4.2047,0.1039,0.1083,0.1819,6.1278,0.1942,7.2423,0.5806
83,0.2755,0.2849,1.2461,0.6830,1.3295,3.8190,0.1087,0.0950,0.1848,6.9432,0.4194,8.3942,0.4550
84,0.2899,0.2257,1.2321,0.6982,1.4863,3.9322,0.1054,0.0927,0.1873,7.1468,0.4469,8.6095,0.4567
85,0.2543,0.3831,0.9169,0.9902,1.5535,4.0980,0.1846,0.1221,0.2323,8.5845,0.6953,10.8539,0.3776
86,0.1310,0.0916,0.2664,0.2680,0.9910,1.7481,0.1117,0.1388,0.1996,6.4378,0.2484,7.8687,0.2222
87,0.4269,0.2690,3.5278,0.6835,1.6455,6.5527,0.1118,0.0894,0.2009,6.7700,0.3853,8.1493,0.8041
88,0.2271,0.1830,0.5744,0.6616,1.9276,3.5738,0.1116,0.0890,0.2202,6.3927,0.2299,7.6145,0.4693
89,0.4077,0.3906,0.8404,0.6733,1.4756,3.7876,0.1059,0.0971,0.1956,6.8124,0.2246,8.0285,0.4718
90,0.3992,0.3194,1.1808,0.6373,1.3614,3.8980,0.1108,0.0945,0.1881,7.5189,0.2330,8.7079,0.4476
91,0.1790,0.3294,1.0351,0.7114,1.8179,4.0728,0.1263,0.1227,0.1944,6.8512,0.4610,8.4095,0.4843
92,0.1773,0.2098,0.8418,0.6444,1.5305,3.4038,0.1095,0.0996,0.2144,6.4891,0.2417,7.7392,0.4398
93,0.1025,0.1450,0.4213,0.4828,3.9721,5.1237,0.1151,0.0956,0.1974,5.2123,0.2204,6.4334,0.7964
94,0.1233,0.2393,1.5058,0.6846,1.4592,4.0121,0.1173,0.9879,0.2243,5.6451,0.2551,7.8239,0.5128
95,0.0510,0.1133,0.2526,0.1461,0.3939,0.9569,0.1078,0.0968,0.1285,6.4015,0.4437,7.7834,0.1229
96,0.2756,0.1761,0.8522,0.6593,1.4195,3.3827,0.1098,0.0968,0.2107,6.4579,0.4475,7.9577,0.4251
97,0.2175,0.1375,0.8041,0.6528,1.2789,3.0909,0.1146,0.0980,0.1916,5.3669,0.2111,6.5801,0.4697
98,0.4891,0.3572,0.9894,0.6235,1.3633,3.8226,0.1157,0.0942,0.2100,6.8918,0.2635,8.1857,0.4670
99,0.2993,0.3400,0.9847,0.6565,1.4217,3.7021,0.1344,0.1002,0.1760,6.8603,0.2546,8.1601,0.4537
100,0.4109,0.3248,0.9681,0.6890,1.6293,4.0221,0.1110,0.0890,0.2119,6.4955,0.2732,7.8106,0.5150
101,0.2209,0.1692,0.7231,0.6667,1.5243,3.3041,0.1155,0.0919,0.1885,7.3818,0.4799,8.8853,0.3719
102,0.3653,0.2303,0.9115,0.6604,1.5700,3.7377,0.1580,0.1162,0.2176,6.8259,0.2667,8.2286,0.4542
103,0.2662,0.3326,1.0172,0.6859,1.4004,3.7023,0.1153,0.0948,0.1888,6.2952,0.2138,7.5005,0.4936
104,0.3164,0.2490,0.9423,0.6741,1.3880,3.5699,0.1266,0.0895,0.1884,5.9794,0.2496,7.1853,0.4968
105,0.6431,0.3352,1.0735,0.6729,1.4690,4.1937,0.1150,0.0981,0.1891,6.9186,0.3466,8.2691,0.5071
106,0.2443,0.1541,0.4931,0.6280,1.4529,2.9724,0.1165,0.0946,0.1935,6.9039,0.4690,8.5039,0.3495
107,0.0773,0.2296,0.3851,0.3989,1.6233,2.7143,0.1611,0.0999,0.1907,6.7981,0.5973,8.5996,0.3156
108,0.0520,0.1794,0.2985,0.1657,0.7579,1.4535,0.0986,0.0762,0.5517,5.2310,0.2042,6.6830,0.2175
109,0.3144,0.2634,0.8897,0.6492,1.6810,3.7978,0.1276,0.1013,0.1982,6.9716,0.3685,8.3980,0.4522
110,0.2342,0.2406,1.0369,0.7503,5.9661,8.2281,0.1341,0.2106,0.2114,6.7658,0.2218,8.1895,1.0047
111,0.1624,0.1085,0.3022,0.2080,1.3207,2.1019,0.1230,0.0918,0.1936,6.9130,0.3627,8.4001,0.2502
112,0.0998,0.0701,0.1444,0.1116,0.2117,0.6376,0.0319,0.0233,0.0854,4.9045,0.1549,5.3737,0.1187
113,0.1475,0.1060,0.3020,0.2170,0.9120,1.6845,0.1383,0.1084,0.2140,8.6374,0.2226,9.8995,0.1702
114,0.0896,0.1263,0.3788,0.2303,1.3356,2.1607,0.1146,0.0964,0.1869,6.8582,0.2445,8.1069,0.2665
115,0.1810,0.1516,0.5615,0.9144,1.4539,3.2624,0.1683,0.1335,0.2447,9.1295,0.9528,11.6797,0.2793
116,0.1751,0.1895,0.8324,0.6462,1.1722,3.0154,0.1067,0.0900,0.1852,8.6050,0.2812,9.8401,0.3064
117,0.3494,0.9694,0.9050,0.6269,1.3023,4.1530,0.1074,0.0858,0.1791,6.7274,0.3533,8.0857,0.5136
118,0.1809,0.1242,2.6303,0.6307,1.3200,4.8862,0.1026,0.0900,0.1806,6.7021,0.4215,8.1149,0.6021
119,0.1255,0.0811,0.5379,0.5037,0.9820,2.2302,0.0898,0.0689,0.1379,6.3363,0.2212,7.3457,0.3036
120,0.4097,0.5464,0.9044,0.6624,1.1669,3.6899,0.1014,0.0859,0.1762,7.1927,0.2688,8.4263,0.4379
121,0.6472,0.3313,1.0019,0.7323,1.5153,4.2280,0.1128,0.0946,0.1992,7.2168,0.4974,8.7937,0.4808
122,0.5279,0.3579,0.9030,0.6633,1.4138,3.8658,0.3436,0.1100,0.2011,7.0001,0.4390,8.7669,0.4410
123,0.1407,0.0978,0.3008,0.1886,0.7673,1.4952,0.0897,0.0749,0.1531,5.5158,0.1772,6.4734,0.2310
124,0.3569,0.3098,1.0365,0.8592,1.2152,3.7777,0.1015,0.0905,0.1777,6.8144,0.2248,7.9612,0.4745
125,0.5209,0.7540,2.3647,0.7302,1.3475,5.7172,0.1217,0.0939,0.1944,6.7657,0.2078,8.2750,0.6909
126,0.1097,0.0715,0.1839,0.1430,0.2766,0.7846,0.0777,0.0602,0.1291,4.7268,0.1239,5.5023,0.1426
127,0.1775,0.3210,0.8949,0.6522,1.1958,3.2414,0.1030,0.0872,0.1751,6.6579,0.2809,7.9273,0.4089
128,0.2730,0.6632,1.3162,0.6915,1.2141,4.1581,0.1263,0.0883,0.1800,6.9213,0.3352,8.2406,0.5046
129,0.2686,0.3884,1.0378,0.6336,1.2720,3.6005,0.1107,0.0956,0.2149,7.1102,0.3159,8.4690,0.4251
130,0.4422,0.3958,1.0363,0.6676,1.5025,4.0444,0.1022,0.0874,0.1963,5.7871,0.3342,7.0906,0.5704
131,0.1453,0.1712,0.9114,0.6385,1.2115,3.0778,0.1124,0.0909,0.1856,5.7738,0.1950,6.9533,0.4426
132,0.1064,0.0620,0.1340,0.1034,0.1780,0.5838,0.0287,0.0199,0.0875,3.2554,0.1129,3.6688,0.1591
133,0.0561,0.0688,0.1279,0.1254,0.2227,0.6009,0.0342,0.0224,0.0855,3.4066,0.1225,3.8540,0.1559
134,0.2646,0.1781,1.1795,0.7507,1.1927,3.5656,0.1325,0.0932,0.1916,6.1725,0.2052,7.3912,0.4824
135,0.3797,0.3569,0.9017,0.6797,1.1376,3.4555,0.1152,0.0913,0.1855,6.8024,0.3217,8.1672,0.4231
136,0.1819,0.3600,0.9137,0.6417,1.1477,3.2450,0.1107,0.0995,0.1781,6.7597,0.3040,8.1165,0.3998
137,0.2738,0.3668,0.9231,0.6459,3.1081,5.3177,0.1242,0.0982,0.1917,5.8355,0.2781,7.1315,0.7457
138,0.0651,0.0834,0.1766,0.1189,0.2584,0.7025,0.0283,0.0222,0.0865,5.1140,0.1313,5.5474,0.1266
139,0.0708,0.0688,0.1280,0.1016,0.1858,0.5551,0.0251,0.0182,0.0891,3.1548,0.1087,3.5466,0.1565
140,0.1185,0.2803,1.3350,0.6762,1.1791,3.5891,0.1020,0.0908,0.1831,6.5002,0.2905,7.7809,0.4613
141,0.1671,0.3028,2.0685,0.6827,1.3576,4.5787,0.1220,0.0976,0.1899,6.5002,0.2766,7.8147,0.5859
142,0.1018,0.1965,0.9265,0.6398,3.7612,5.6258,0.0896,0.1045,0.1589,5.3632,0.1968,6.4003,0.8790
143,0.4817,0.3516,1.1547,0.7011,1.2213,3.9104,0.1108,0.1093,0.1868,6.3079,0.2226,7.5221,0.5199
144,0.1866,0.4060,1.3825,0.6804,1.1911,3.8466,0.1469,0.0988,0.1992,6.6949,0.4271,8.2182,0.4681
145,0.2778,0.9949,2.8365,0.6756,1.8944,6.6792,0.0917,0.0763,0.1617,6.4092,0.3135,7.7032,0.8671
146,0.1965,0.3068,1.2878,0.5897,1.3970,3.7778,0.1296,0.0992,0.1970,6.4122,0.2765,7.7223,0.4892
147,0.4917,0.3624,0.9415,0.6635,1.2391,3.6982,0.1099,0.0882,0.1782,6.2693,0.2963,7.5225,0.4916
148,0.4873,0.3291,0.9871,0.8303,1.4989,4.1328,0.1199,0.0933,0.2152,7.1293,0.4175,8.5807,0.4816
149,0.4757,0.3585,0.9777,0.6420,1.4272,3.8811,0.1128,0.0952,0.2182,6.5108,0.4713,8.0116,0.4844
150,0.5029,0.3898,2.9045,0.6862,1.3295,5.8130,0.1089,0.0933,0.1893,6.2818,0.2156,7.4746,0.7777
151,0.2461,0.2709,0.8943,0.6695,1.9797,4.0606,0.1115,0.0907,0.1878,5.6961,0.2383,6.8955,0.5889
152,0.1888,0.1461,0.3678,0.6563,1.3826,2.7416,0.1354,0.0903,0.2055,6.1163,0.2254,7.3049,0.3753
153,0.4773,0.3562,0.9646,0.6634,1.4806,3.9421,0.1138,0.0949,0.2114,6.3346,0.2666,7.6262,0.5169
154,0.1858,0.3226,1.0433,0.6777,1.1667,3.3960,0.1150,0.0937,0.1885,6.5930,0.3308,7.9134,0.4291
155,0.4980,0.3062,0.8499,0.6447,1.3936,3.6925,0.1021,0.1039,0.1776,6.2840,0.2977,7.6026,0.4857
156,0.2799,0.4039,0.8692,0.6486,1.4449,3.6465,0.1042,0.0862,0.1814,6.6674,0.2245,7.8042,0.4672
157,0.5363,0.3779,0.9919,0.7009,1.5226,4.1296,0.1231,0.0951,0.1904,6.8686,0.4885,8.4418,0.4892
158,0.3888,0.2912,0.7609,0.6518,1.2247,3.3174,0.1111,0.0918,0.1892,6.2375,0.2835,7.5516,0.4393
159,0.5081,0.3221,0.8609,0.6639,1.2218,3.5768,0.1343,0.1028,0.2633,6.4955,0.3323,7.9162,0.4518
160,0.4855,0.3656,0.9855,0.6186,1.4394,3.8946,0.1026,0.0844,0.1813,6.4306,0.2249,7.5626,0.5150
161,0.2233,0.4018,0.9682,0.6700,1.3992,3.6625,0.1047,0.0912,0.2035,6.3054,0.1622,7.3600,0.4976
162,0.4795,0.3467,0.8605,0.6553,1.1529,3.4949,0.1071,0.0895,0.1974,6.5811,0.2876,7.8670,0.4442
163,0.4922,0.5169,1.1192,0.6859,1.2687,4.0829,0.1215,0.0847,0.1740,6.7351,0.2844,7.9734,0.5121
164,0.4848,0.3885,1.3738,0.6506,1.3197,4.2173,0.1040,0.0871,0.1797,6.7453,0.2525,7.9365,0.5314
165,0.5380,0.3685,0.8943,0.6684,1.5698,4.0392,0.1128,0.0920,0.1897,6.2124,0.2772,7.5483,0.5351
166,0.5075,0.3873,0.9036,0.6649,1.2545,3.7178,0.1019,0.0872,0.1982,6.8763,0.3970,8.2657,0.4498
167,0.5131,0.3313,1.3925,0.6866,1.2671,4.1907,0.0984,0.0897,0.1725,6.8141,0.3687,8.1781,0.5124
168,0.2815,0.3577,1.0118,0.6524,1.3862,3.6895,0.1017,0.0882,0.2001,6.9228,0.3217,8.2773,0.4457
169,0.5069,0.3333,0.8730,0.6749,1.4969,3.8850,0.1124,0.0914,0.1885,6.1464,0.3752,7.5380,0.5154
170,0.1917,0.4596,1.0292,0.6725,1.5475,3.9006,0.1020,0.1042,0.1818,6.8421,0.3011,8.0984,0.4816
171,0.2118,0.3841,1.6459,1.0450,2.5145,5.8013,0.1516,0.0980,0.1911,6.9415,0.3283,8.3555,0.6943
172,0.1016,0.1343,0.4475,0.4693,1.3222,2.4749,0.1095,0.0941,0.2117,6.2854,0.1976,7.4524,0.3321
173,0.2706,0.3477,0.8443,0.6581,1.3954,3.5161,0.1116,0.0995,0.2547,6.3980,0.4149,7.9267,0.4436
174,0.1885,0.3536,1.3447,0.6879,2.4139,4.9888,0.1021,0.0892,0.1806,6.5986,0.3245,7.8795,0.6331
175,0.2708,0.3800,1.0252,0.6585,1.4770,3.8115,0.1066,0.0909,0.2009,6.5070,0.4532,7.9706,0.4782
176,0.2789,0.3930,0.9565,0.6675,1.4333,3.7293,0.1129,0.0953,0.2169,6.9240,0.2969,8.2525,0.4519
177,0.2748,0.3244,1.0323,0.6618,1.2976,3.5909,0.1155,0.0971,0.1929,6.3287,0.2967,7.6462,0.4696
178,0.5024,0.3284,1.0897,0.5033,1.4329,3.8567,0.1088,0.1168,0.1914,6.7322,0.3707,8.1627,0.4725
179,0.4804,0.3491,1.1763,0.6786,1.4768,4.1612,0.1333,0.0921,0.1846,7.1822,0.3324,8.5536,0.4865
180,0.3122,0.3408,0.8725,0.6620,1.2766,3.4641,0.1122,0.1166,0.1839,5.5048,0.2449,6.7234,0.5152
181,0.4934,0.3905,1.0047,0.7831,1.4358,4.1076,0.1135,0.0962,0.1859,6.4401,0.3074,7.7515,0.5299
182,0.4518,0.3254,0.9357,0.6881,1.2928,3.6939,0.1137,0.0926,0.1842,6.2879,0.3018,7.5879,0.4868
183,0.4339,0.3820,1.0034,0.6613,1.3030,3.7836,0.1163,0.0919,0.1830,5.9058,0.2676,7.1611,0.5284
184,0.4373,0.3412,1.0629,0.6795,1.8144,4.3352,0.1159,0.0913,0.1870,6.1231,0.2217,7.3612,0.5889
185,0.5092,0.3236,1.0841,0.6905,1.7652,4.3727,0.1110,0.0912,0.1870,6.2655,0.3122,7.5748,0.5773
186,0.5122,0.3208,0.8608,0.6406,1.6475,3.9819,0.1130,0.0928,0.1850,6.5504,0.3289,7.8888,0.5048
187,0.4472,0.3678,0.9726,0.6409,1.3373,3.7657,0.1096,0.0887,0.1740,6.1807,0.3065,7.4140,0.5079
188,0.2494,0.3279,0.9348,0.6801,1.3067,3.4990,0.1145,0.0925,0.1874,6.3327,0.2451,7.5806,0.4616
189,0.2771,0.4344,0.8975,0.6261,1.2086,3.4437,0.1135,0.0949,0.1855,6.3203,0.2865,7.6147,0.4522
190,0.5258,0.3433,2.8637,0.6383,1.4561,5.8273,0.1379,0.0935,0.1938,6.5948,0.3360,7.9655,0.7316
191,0.2543,0.3451,0.9918,0.6515,1.7208,3.9635,0.1147,0.0870,0.1751,6.5118,0.3568,7.8856,0.5026
192,0.1913,0.1487,0.5816,0.6690,1.5056,3.0962,0.1184,0.0968,0.1948,6.8077,0.2178,8.0273,0.3857
193,0.3988,0.4134,0.9458,0.6982,1.3462,3.8024,0.1133,0.0927,0.1908,6.4950,0.2545,7.7726,0.4892
194,0.4857,0.3431,1.1649,0.6632,1.3302,3.9870,0.1207,0.0824,0.1801,6.7339,0.2672,7.9510,0.5015
195,0.4965,0.3234,0.8284,0.6365,1.2765,3.5612,0.1047,0.0946,0.2051,6.5607,0.3441,7.9575,0.4475
196,0.8376,0.3367,1.1292,0.6794,1.4705,4.4533,0.0997,0.0858,0.1780,6.4454,0.3610,7.7857,0.5720
197,0.2212,0.1388,3.5278,0.6840,1.3551,5.9269,0.1143,0.0987,0.1907,5.7506,0.3128,7.0616,0.8393
198,0.5019,0.4295,1.2187,0.6489,1.3079,4.1070,0.1047,0.0943,0.1829,6.2541,0.3234,7.6282,0.5384
199,0.4828,0.3886,0.9519,0.6231,1.5396,3.9860,0.1235,0.0907,0.1785,6.6782,0.3612,8.0969,0.4923
200,0.4914,0.4134,0.9509,0.7490,1.7414,4.3461,0.1326,0.0875,0.1534,6.3503,0.4192,7.8559,0.5532
201,0.2453,0.1671,0.8923,0.6935,1.3784,3.3766,0.1546,0.1041,0.5344,6.0471,0.2616,7.6837,0.4395
202,0.2535,0.3246,0.8890,0.6431,1.3309,3.4412,0.1039,0.0902,0.1799,6.6963,0.2733,7.9350,0.4337
203,0.1805,0.3524,1.1246,0.6669,1.4065,3.7310,0.1061,0.0837,0.1959,6.8651,0.2921,8.1107,0.4600
204,0.3757,0.3448,2.3210,0.6722,1.4392,5.1530,0.0992,0.1003,0.1775,5.6945,0.2423,6.8231,0.7552
205,0.5385,0.3374,0.8726,0.6359,1.5618,3.9462,0.1368,0.0953,0.8088,6.1841,0.2774,8.0510,0.4902
206,0.4798,0.3400,0.9703,0.6639,1.3677,3.8216,0.1047,0.0871,0.5591,6.6672,0.7151,8.8333,0.4326
207,0.4438,0.3515,1.1242,0.6490,2.0440,4.6125,0.0996,0.0871,0.1747,6.5018,0.2359,7.6616,0.6020
208,0.1151,0.2200,1.1629,0.6840,1.3277,3.5096,0.1140,0.0928,0.1842,6.3584,0.2175,7.5696,0.4636
209,0.1848,0.6456,0.9277,0.6710,1.5110,3.9399,0.1186,0.0880,0.1759,6.5470,0.2600,7.7735,0.5068
210,0.1912,0.3287,0.9318,0.6757,1.5010,3.6284,0.0965,0.0845,0.1765,6.7456,0.5119,8.2217,0.4413
211,0.1870,0.3595,1.0583,0.7204,1.4715,3.7968,0.1273,0.0974,0.1957,7.0023,0.2391,8.3346,0.4555
212,0.0945,0.1421,0.6905,0.6409,1.4865,3.0546,0.1042,0.0860,0.1759,6.7261,0.1808,7.8878,0.3873
213,0.1638,0.3200,0.8697,0.6692,1.2641,3.2867,0.1090,0.0898,0.1815,6.4550,0.2314,7.7015,0.4268
214,0.3296,0.2476,0.8803,0.6684,1.4115,3.5374,0.1143,0.0864,0.1899,6.5832,0.2276,7.7648,0.4556
215,0.2717,0.3618,0.9391,0.6539,1.3639,3.5904,0.1134,0.0939,0.1828,7.0108,0.3285,8.3697,0.4290
216,0.2721,0.3636,0.9710,0.6460,1.8249,4.0775,0.1148,0.0936,0.1863,6.8811,0.3477,8.2830,0.4923
217,0.2734,0.3563,0.9095,0.6504,1.2953,3.4850,0.0992,0.0901,0.1814,7.5046,0.3730,8.8635,0.3932
218,0.1940,0.4267,1.0182,0.6653,1.4314,3.7356,0.0996,0.0879,0.2037,6.6905,0.2642,7.9521,0.4698
219,0.1880,0.3203,0.8370,0.6536,1.2934,3.2923,0.1116,0.0898,0.1804,6.2787,0.2572,7.5353,0.4369
220,0.2640,0.3349,1.3103,0.6519,1.6221,4.1833,0.1364,0.0944,0.1893,6.3238,0.2433,7.5964,0.5507
221,0.1959,0.3354,0.9283,0.6918,1.2854,3.4368,0.1154,0.0937,0.1855,6.2209,0.2412,7.4645,0.4604
222,0.4396,0.4451,1.0551,0.6829,2.5905,5.2132,0.1132,0.0958,0.1927,6.4531,0.2430,7.7197,0.6753
223,0.4906,0.3781,1.2055,0.7005,1.4879,4.2626,0.1133,0.0925,0.1824,6.8146,0.2321,8.0387,0.5303
224,0.2748,0.3622,0.9374,0.6424,1.3110,3.5279,0.1096,0.0901,0.1828,6.2737,0.2445,7.4842,0.4714
225,0.2652,0.3272,0.9406,0.7293,1.2661,3.5284,0.1115,0.0916,0.1855,7.0149,0.3690,8.5616,0.4121
226,0.5318,0.3767,1.0185,0.7205,1.3920,4.0395,0.1072,0.0909,0.1852,6.4930,0.2818,7.7308,0.5225
227,0.2505,1.9864,1.2068,0.7088,1.5308,5.6833,0.1137,0.0912,0.1812,5.9747,0.2330,7.2097,0.7883
228,0.1919,0.3498,0.8576,0.6422,1.3163,3.3578,0.1057,0.0883,0.1788,6.3645,0.2834,7.6079,0.4414
229,0.5268,0.3637,0.9659,0.6937,1.4576,4.0077,0.1104,0.0899,0.1885,6.3777,0.3082,7.7230,0.5189
230,0.4927,0.3532,0.9013,0.6576,1.3374,3.7423,0.1093,0.0981,0.1959,6.5245,0.4203,7.9789,0.4690
231,0.2656,0.1813,1.2187,0.7032,1.4130,3.7818,0.1142,0.0939,0.1879,5.7878,0.2362,7.0454,0.5368
232,0.4168,0.4851,1.4140,0.7410,1.7243,4.7812,0.1079,0.0849,0.1913,6.2499,0.2824,7.5186,0.6359
233,0.7240,0.4198,0.8308,0.6678,1.4537,4.0961,0.1058,0.0899,0.1810,6.8757,0.5877,8.5070,0.4815
234,0.4876,0.3581,0.9520,0.9422,1.5059,4.2459,0.1266,0.1304,0.2319,7.6851,0.3703,9.3981,0.4518
235,0.5291,0.3369,0.8659,0.9465,1.4125,4.0910,0.1431,0.1341,0.2802,7.3906,0.2894,9.0745,0.4508
236,0.4745,0.3439,1.1708,0.7009,1.2078,3.8980,0.1154,0.0933,0.2169,6.5251,0.3996,8.0006,0.4872
237,0.4636,0.3746,4.9701,0.5303,1.5780,7.9166,0.1112,0.0927,0.2071,6.1078,0.2129,7.3050,1.0837
238,0.4804,0.3625,0.9266,0.6317,1.4963,3.8976,0.1179,0.1141,0.2016,6.5027,0.2585,7.8606,0.4958
239,0.4801,0.3486,1.4407,0.6615,1.7324,4.6633,0.1089,0.0903,0.1843,6.2972,0.2444,7.5358,0.6188
240,0.2676,0.3200,0.9629,0.6621,1.6982,3.9107,0.1089,0.0899,0.2327,6.4694,0.2944,7.8437,0.4986
241,0.5046,0.3603,1.1009,0.6684,1.5357,4.1700,0.1350,0.0927,0.2706,6.4688,0.2406,7.7918,0.5352
242,0.2856,0.3151,0.9773,0.6744,1.5757,3.8282,0.1245,0.1229,0.1958,7.0826,0.2717,8.7223,0.4389
243,0.4857,0.3418,0.8464,0.6446,1.4808,3.7993,0.1076,0.0913,0.1790,6.2670,0.3152,7.5579,0.5027
244,0.2700,0.3510,0.8304,0.6663,1.2108,3.3283,0.1112,0.0904,0.7863,6.2786,0.3001,8.1705,0.4074
245,0.4983,0.5819,1.6527,0.6706,1.5747,4.9782,0.1141,0.1208,0.2623,7.1465,0.3085,8.5614,0.5815
246,0.4205,0.3237,0.9241,0.6821,1.2944,3.6448,0.1019,0.0893,0.1846,6.8221,0.4298,8.2441,0.4421
247,0.4977,0.3151,0.8308,0.6620,1.2747,3.5803,0.1046,0.0925,0.2064,6.4632,0.2722,7.7437,0.4623
248,0.5078,0.3431,1.7151,0.8889,1.5236,4.9786,0.1282,0.1275,0.2378,7.7166,0.5330,9.6790,0.5144
249,0.5899,0.3691,1.0794,0.9278,1.4318,4.3980,0.1216,0.1227,0.2543,7.8009,0.3971,9.4907,0.4634
250,0.4898,0.3745,0.9580,0.6453,1.4003,3.8680,0.1138,0.1017,0.3590,6.5490,0.2497,7.9623,0.4858
251,0.1112,0.0781,0.2264,0.1502,0.2668,0.8328,0.0357,0.0527,0.1403,4.8986,0.1772,5.4911,0.1517
252,0.5266,0.3253,1.0331,0.6962,1.3910,3.9722,0.1029,0.0909,0.1836,7.1037,0.5334,8.6958,0.4568
253,0.5142,0.3301,0.9284,0.7122,2.3271,4.8119,0.1043,0.1105,0.1804,6.6721,0.4082,8.0237,0.5997
254,0.4799,0.3475,0.9678,0.6658,1.7483,4.2092,0.1105,0.0939,0.1892,6.4543,0.2874,7.7627,0.5422
255,0.5058,0.3254,1.1008,0.6957,1.4463,4.0741,0.1186,0.0939,0.1876,7.1271,0.4535,8.6142,0.4730
256,0.5304,0.3610,0.9067,0.6827,1.5667,4.0475,0.1022,0.0855,0.1795,6.8173,0.4904,8.3163,0.4867
257,0.1871,0.4011,1.0057,0.6668,1.5736,3.8343,0.1038,0.1127,0.1822,6.7988,0.3214,8.1039,0.4731
258,0.2681,0.4753,1.2019,0.6727,1.5677,4.1856,0.1161,0.0941,0.1905,6.8598,0.3071,8.1834,0.5115
259,0.2037,0.3179,0.9442,0.6828,1.3173,3.4660,0.1095,0.1200,0.1810,6.5662,0.3635,7.9438,0.4363
260,0.2712,0.4019,0.9400,0.6411,1.5393,3.7936,0.1416,0.0823,0.1765,6.7475,0.4119,8.1620,0.4648
261,0.1234,0.1728,1.2870,0.7860,1.5560,3.9250,0.1132,0.0962,0.2288,6.6747,0.4035,8.3205,0.4717
262,0.1395,0.7486,0.9578,0.6736,1.5327,4.0523,0.1046,0.0907,0.2112,6.6876,0.3626,8.0101,0.5059
263,0.1863,0.3662,0.9216,0.6543,1.5098,3.6383,0.1089,0.1098,0.1779,6.2536,0.2891,7.5386,0.4826
264,0.2284,0.3643,0.9823,0.6884,1.4820,3.7455,0.1136,0.0927,0.1905,6.4776,0.2424,7.7417,0.4838
265,0.1902,0.3863,0.9360,0.6889,1.4237,3.6250,0.1110,0.0903,0.1857,6.2412,0.2239,7.4460,0.4868
266,0.1689,0.5201,1.1427,0.6529,1.4404,3.9251,0.1022,0.0906,0.2046,6.1752,0.2560,7.3987,0.5305
267,0.2672,0.3809,0.9407,0.6626,1.6317,3.8830,0.1121,0.1138,0.1781,6.3161,0.4145,7.7614,0.5003
268,0.4991,0.8170,0.9668,0.9258,1.8418,5.0505,0.1368,0.1293,0.2407,7.5877,0.3244,9.2860,0.5439
269,0.1887,0.3847,1.0063,0.6770,1.4010,3.6577,0.1099,0.0952,0.1888,6.2790,0.2537,7.5249,0.4861
270,0.3205,0.3186,0.9039,0.7016,1.2181,3.4627,0.1168,0.0953,0.1932,6.3323,0.3080,7.6940,0.4500
271,0.1028,0.1346,0.4215,0.5021,1.9207,3.0817,0.1142,0.0860,0.1746,6.5209,0.3571,7.9671,0.3868
272,0.1278,0.2643,0.9372,0.6711,1.3469,3.3473,0.1364,0.0958,0.1882,6.3110,0.2422,7.5962,0.4407
273,0.1855,0.3839,1.2606,0.6895,1.6504,4.1699,0.1105,0.0908,0.1807,6.6607,0.3508,8.0044,0.5209
274,0.8102,0.4765,1.2273,0.9919,1.8635,5.3695,0.1364,0.1316,0.2396,7.9854,0.4201,9.8126,0.5472
275,0.5405,0.3969,3.7137,0.9353,1.6942,7.2806,0.1332,0.1303,0.2679,7.8856,0.3789,9.6358,0.7556
276,0.0727,0.1063,0.3180,0.2341,1.4212,2.1523,0.0948,0.0757,0.7093,5.8817,0.2221,7.5951,0.2834
277,0.1277,0.0941,0.2464,0.1683,0.9736,1.6100,0.0883,0.0670,0.1411,6.7066,0.1616,7.5972,0.2119
278,0.1242,0.0855,0.3797,0.1707,0.7988,1.5589,0.1126,0.0908,0.1623,5.2273,0.1783,6.2878,0.2479
279,0.1558,0.1775,0.9983,0.6546,2.4997,4.4858,0.2000,0.1076,0.1982,6.6171,0.4218,8.2109,0.5463
280,0.1136,0.1626,0.9642,0.6844,1.6258,3.5506,0.1039,0.0881,0.1802,6.0663,0.2748,7.2751,0.4881
281,0.4348,0.3836,0.9025,0.6640,1.5025,3.8875,0.1207,0.0978,0.2194,7.3769,0.2882,8.6711,0.4483
282,0.1966,0.2762,0.6856,0.6496,1.3768,3.1848,0.1035,0.0871,0.1809,6.5074,0.3103,7.7524,0.4108
283,0.1453,0.1814,1.2652,0.7089,1.3377,3.6386,0.1177,0.0960,0.1907,6.6792,0.2720,7.9749,0.4563
284,0.3925,0.4627,0.8705,0.6459,1.2772,3.6487,0.1004,0.0847,0.1764,6.6336,0.2300,7.7727,0.4694
285,0.1764,0.1280,0.9057,0.6420,1.4341,3.2861,0.1115,0.0888,0.1809,6.6108,0.2046,8.1024,0.4056
286,0.2237,0.1589,0.9956,0.6753,1.5341,3.5876,0.1229,0.0994,0.2002,6.4549,0.3942,7.9621,0.4506
287,0.2421,0.1527,0.7014,0.6779,1.2572,3.0314,0.1052,0.0860,0.1777,6.9371,0.2192,8.0874,0.3748
288,0.2511,0.3027,0.8671,0.8992,1.4829,3.8030,0.1056,0.0879,0.1813,6.9213,0.3830,8.3236,0.4569
289,0.2530,0.3317,1.0007,0.6929,1.2850,3.5633,0.1024,0.0915,0.1835,6.3080,0.2123,7.4820,0.4763
290,0.5140,0.3276,1.3421,0.7005,1.4890,4.3732,0.1007,0.0855,0.2006,6.7126,0.3556,8.0537,0.5430
291,0.2066,0.1553,1.1085,0.8924,1.5379,3.9007,0.1129,0.0929,0.1919,6.9873,0.4328,8.5005,0.4589
292,0.2220,0.1378,0.7243,0.6722,1.3103,3.0665,0.1073,0.0883,0.1780,6.2244,0.2340,7.5793,0.4046
293,0.5075,0.3370,0.9633,0.7122,1.4481,3.9680,0.1331,0.0970,0.1898,6.7110,0.2192,7.9389,0.4998
294,0.2012,0.1482,0.4911,0.9061,1.6618,3.4085,0.1436,0.1347,0.2103,7.2460,0.3570,9.0055,0.3785
295,0.2016,0.1606,1.0270,0.7695,1.4649,3.6235,0.1044,0.0882,0.1786,7.3114,0.4672,8.8044,0.4116
296,0.4822,0.3601,1.6996,0.7115,1.4976,4.7510,0.1022,0.0881,0.1828,6.7473,0.2797,7.9850,0.5950
297,0.2699,0.1645,1.0173,0.5496,1.6115,3.6129,0.1345,0.0957,0.1963,5.6843,0.2249,6.9970,0.5164
298,0.1308,0.0898,0.2634,0.1816,0.7815,1.4471,0.1058,0.0865,0.1677,5.4243,0.1575,6.4397,0.2247
299,0.2512,0.3044,1.8288,0.6650,1.5593,4.6086,0.1019,0.0838,0.1794,6.9114,0.5093,8.4470,0.5456
300,0.3663,0.3452,0.9944,0.6930,1.4473,3.8463,0.1142,0.0945,0.1924,6.5058,0.2442,7.7621,0.4955
301,0.1958,0.1387,0.9110,0.6627,1.5072,3.4154,0.1270,0.0896,0.1938,6.0748,0.3845,7.4506,0.4584
302,0.0428,0.0736,0.1765,0.1381,0.2552,0.6862,0.0863,0.0644,0.1291,4.6156,0.1382,5.3223,0.1289
303,0.0895,0.1796,2.0487,0.6981,1.5338,4.5497,0.1141,0.0930,0.1842,6.1351,0.2542,7.3907,0.6156
304,0.3242,0.3664,1.6448,0.6571,2.2945,5.2869,0.1094,0.0885,0.1886,6.2384,0.2819,7.5112,0.7039
305,0.7709,0.4622,1.2519,0.8781,2.4560,5.8191,0.1158,0.0977,0.1910,7.2445,0.4683,8.7807,0.6627
306,0.1464,0.1075,0.2759,0.1538,0.9527,1.6362,0.0959,0.0747,0.1415,6.1001,0.3328,7.4250,0.2204
307,0.2423,0.1704,0.6031,0.6828,1.4110,3.1095,0.1162,0.0973,0.1955,6.4108,0.2212,7.6096,0.4086
308,0.2559,0.3482,0.9608,0.6942,1.3489,3.6081,0.1108,0.0893,0.1867,6.2705,0.2412,7.5185,0.4799
309,0.2242,0.1599,0.8512,0.6349,1.4578,3.3280,0.1138,0.1118,0.1910,6.0687,0.2142,7.2676,0.4579
310,0.1129,0.2329,0.9215,0.6633,1.3109,3.2416,0.1430,0.0956,0.1931,6.8951,0.3924,8.4201,0.3850
311,0.1325,0.2057,1.9989,0.6901,1.2842,4.3114,0.1314,0.0950,0.1725,5.7254,0.2264,6.9357,0.6216
312,0.1812,0.3592,0.9166,0.6927,1.4680,3.6178,0.1128,0.0883,0.2072,6.0228,0.2206,7.2443,0.4994
313,0.0681,0.0866,0.2239,0.1601,0.3332,0.8718,0.0858,0.0698,0.1605,4.9292,0.1660,5.7936,0.1505
314,0.1840,0.2159,0.9388,0.6589,1.4152,3.4129,0.1122,0.1203,0.1918,6.3767,0.2555,7.6678,0.4451
315,0.1795,0.3673,1.4114,0.6831,1.3114,3.9527,0.1126,0.0888,0.1978,6.5073,0.4049,7.9864,0.4949
316,0.0689,0.0703,0.1253,0.1050,0.2235,0.5929,0.0263,0.0193,0.0872,3.8268,0.1677,4.2834,0.1384
317,0.0502,0.0691,0.1402,0.1241,0.2283,0.6120,0.0315,0.0228,0.4944,3.4377,0.1360,4.2928,0.1426
318,0.0847,0.0615,0.1254,0.1563,0.2114,0.6393,0.0323,0.0291,0.0791,4.3021,0.1786,4.8349,0.1322
319,0.0561,0.0659,0.1295,0.1107,0.2231,0.5854,0.0300,0.0202,0.0878,4.0386,0.1779,4.5339,0.1291
320,0.0999,0.0742,0.1736,0.1195,0.2078,0.6751,0.0307,0.0216,0.0934,4.1369,0.2591,4.7055,0.1435
321,0.0634,0.0639,0.1297,0.1133,0.2060,0.5763,0.0300,0.0214,0.0855,4.2293,0.1655,4.7001,0.1226
322,0.0507,0.0661,0.1392,0.1180,0.2218,0.5958,0.0301,0.0209,0.0867,3.5537,0.2111,4.0590,0.1468
323,0.1047,0.0764,0.2137,0.1515,0.3433,0.8896,0.0776,0.0644,0.1583,4.7991,0.1750,5.5115,0.1614
324,0.0897,0.0608,0.1360,0.1016,0.2203,0.6083,0.0289,0.0202,0.0874,3.3945,0.1385,3.8288,0.1589
325,0.0948,0.0629,0.1270,0.0994,0.2275,0.6115,0.0271,0.0194,0.5017,3.6133,0.1594,4.4689,0.1368
326,0.0887,0.0665,0.1281,0.1046,0.2314,0.6193,0.0272,0.0200,0.0872,3.6970,0.1665,4.1521,0.1492
327,0.0968,0.0759,0.1713,0.1957,0.2777,0.8174,0.0350,0.0315,0.1148,6.8432,0.3896,7.7318,0.1057
328,0.0853,0.0652,0.1546,0.1056,0.2304,0.6410,0.0336,0.0224,0.0835,4.5518,0.3142,5.2951,0.1211
329,2.3484,0.4092,1.0077,0.9190,1.5590,6.2433,0.1145,0.1261,0.2998,8.0274,0.5652,9.9498,0.6275
330,0.1934,0.1591,0.3487,0.4535,1.4225,2.5772,0.0916,0.0828,0.1873,6.0583,0.1898,7.0636,0.3648
331,0.2543,0.1612,0.4830,0.6316,1.2725,2.8026,0.1171,0.0877,0.1703,6.8356,0.2415,7.9196,0.3539
332,0.2638,0.1755,0.6430,0.6391,1.5132,3.2347,0.1158,0.0974,0.1912,7.0752,0.3837,8.5394,0.3788
333,0.1730,0.1169,0.2904,0.2484,1.2132,2.0418,0.0899,0.0775,0.1915,6.9131,0.1921,7.9486,0.2569
334,1.0603,0.5245,1.7581,0.6792,3.1043,7.1264,0.1044,0.0692,0.1711,6.4062,0.3116,7.6392,0.9329
335,0.5466,0.6402,1.0128,0.8059,1.4847,4.4902,0.1341,0.0908,0.2370,6.5894,0.2294,7.9154,0.5673
336,0.1780,0.1198,0.2949,0.2058,1.6204,2.4190,0.0957,0.0962,0.2463,7.2781,0.3299,8.5459,0.2831
337,0.2283,0.1579,0.3011,0.4320,1.4274,2.5468,0.0955,0.0850,0.2019,6.8246,0.3446,8.0370,0.3169
338,0.2569,0.1643,3.0544,0.6537,3.7828,7.9121,0.0809,0.0652,0.1326,6.1822,0.4280,7.4341,1.0643
339,0.2452,0.1734,0.8943,0.9185,1.9117,4.1431,0.1213,0.1547,0.2200,9.0999,0.5175,10.9121,0.3797
340,0.0609,0.0988,0.2594,0.1736,0.4029,0.9956,0.0976,0.0693,0.1457,5.9142,0.2254,6.8549,0.1452
341,0.1695,0.1146,0.3020,0.3468,1.8266,2.7597,0.0954,0.2518,0.1806,5.9985,0.2717,7.2742,0.3794
342,0.2549,0.1901,0.8830,0.7091,1.5437,3.5809,0.0982,0.0826,0.1695,7.0701,0.3280,8.4367,0.4244
343,0.3631,0.2703,0.8434,0.6541,1.5144,3.6454,0.0992,0.0798,0.1646,7.1772,0.4919,8.6172,0.4230
344,0.1013,0.2075,0.6663,0.6351,1.3842,2.9944,0.0977,0.0863,0.1726,6.6761,0.5866,8.2531,0.3628
345,0.5136,0.4702,1.0268,1.0029,2.0468,5.0603,0.3697,0.1552,0.2626,7.5138,0.3132,9.8921,0.5116
346,0.4025,0.3186,0.9767,0.7141,1.5268,3.9388,0.1099,0.1974,0.1976,6.4270,0.3479,7.8406,0.5024
347,0.3488,0.2173,0.9249,0.7678,1.7226,3.9814,0.1421,0.1112,0.1842,7.6493,0.5302,9.3281,0.4268
348,0.3029,0.2032,0.6168,0.6323,1.5143,3.2696,0.0989,0.0888,0.1913,6.5743,0.3547,7.7990,0.4192
349,0.4633,0.4011,0.7430,0.6430,1.2649,3.5152,0.0949,0.0831,0.1685,6.5529,0.3454,7.7607,0.4530
350,0.4372,0.3200,0.8157,0.6302,1.3759,3.5789,0.0951,0.0819,0.1739,6.2451,0.3202,7.4530,0.4802
351,0.4966,0.3296,1.0472,0.6961,1.5863,4.1558,0.0978,0.0822,0.1715,6.8263,0.3002,8.1337,0.5109
352,0.2046,0.1640,0.4776,0.6392,1.7573,3.2427,0.0974,0.0823,0.1726,6.2084,0.3441,7.3903,0.4388
353,0.2344,0.3570,0.8743,0.6956,1.5441,3.7054,0.1097,0.0717,0.1727,6.8990,0.4364,8.2918,0.4469
354,0.4783,0.3799,0.7908,0.6484,1.4505,3.7480,0.0959,0.0816,0.1735,7.0648,0.7121,8.6798,0.4318
355,0.4382,1.4071,1.2731,0.6709,1.4100,5.1993,0.0949,0.1013,0.1732,6.6025,0.3814,7.8642,0.6611
356,0.2632,0.1729,0.5780,0.6447,1.5538,3.2126,0.1014,0.0930,0.1874,6.3161,0.2776,7.4826,0.4293
357,0.2022,0.4371,0.7826,0.6743,1.3626,3.4589,0.1222,0.1006,0.1983,6.6692,0.4648,8.2293,0.4203
358,0.1690,0.2111,3.4895,0.6520,1.6784,6.2000,0.0954,0.0843,0.1775,6.4670,0.4207,7.8012,0.7947
359,0.1482,0.2691,0.8311,0.6566,1.4229,3.3278,0.1150,0.0915,0.1898,6.5983,0.3719,8.0185,0.4150
360,0.2770,0.2067,0.7676,0.6245,1.5072,3.3829,0.0998,0.1199,0.1800,5.9355,0.3020,7.1711,0.4717
361,2.5554,0.5372,1.1058,0.7037,1.7423,6.6444,0.1207,0.0973,0.1921,6.8135,0.3472,8.1758,0.8127
362,0.5102,0.3312,0.8250,0.8854,1.3211,3.8729,0.1179,0.1296,0.2382,7.3677,0.2958,8.8997,0.4352
363,0.4163,0.3290,0.8170,0.6367,1.2066,3.4055,0.1318,0.0983,0.2961,6.8295,0.4553,8.6467,0.3939
364,0.4021,0.4927,0.8638,0.6707,1.2853,3.7146,0.1107,0.0942,0.1921,7.2069,0.4983,8.7781,0.4232
365,0.1794,0.3486,0.8000,0.6497,1.3467,3.3244,0.1108,0.0925,0.1781,6.7612,0.3472,8.1878,0.4060
366,0.2726,0.1754,1.0351,0.9057,1.3013,3.6900,0.1345,0.1327,0.4262,6.2204,0.2810,8.0055,0.4609
367,0.3443,0.3269,2.1846,0.6569,2.1072,5.6200,0.1052,0.1013,0.1774,6.8575,0.4446,8.2898,0.6779
368,0.0491,0.0736,0.1322,0.0974,0.2271,0.5793,0.0296,0.0192,0.0891,3.3438,0.1985,3.8461,0.1506
369,0.0994,0.1406,1.2982,0.6742,1.4508,3.6632,0.1140,0.0955,0.2836,7.4179,0.3561,8.8597,0.4135
370,0.1073,0.0846,0.2355,0.2372,1.1913,1.8559,0.0977,0.0590,0.1206,6.1771,0.2261,7.2296,0.2567
371,0.1033,0.0597,0.2588,0.1167,0.2325,0.7711,0.0333,0.0234,0.0852,3.4148,0.1449,3.8729,0.1991
372,0.0882,0.0684,0.1306,0.1030,0.2147,0.6048,0.0276,0.0188,0.0882,3.1202,0.1439,3.5629,0.1698
373,0.1107,0.0778,0.9194,0.2324,0.7655,2.1059,0.1313,0.1026,0.1883,5.3309,0.2206,6.6717,0.3156
374,0.1777,0.1798,0.4597,0.4469,1.2940,2.5581,0.1094,0.0938,0.1965,5.6665,0.1639,6.7769,0.3775
375,0.0967,0.0702,0.1440,0.2245,0.2573,0.7927,0.0569,0.0432,0.0577,3.5089,0.1619,4.1423,0.1914
376,0.0879,0.0824,0.1403,0.1683,0.2522,0.7311,0.0389,0.0302,0.0770,3.6021,0.1893,4.2000,0.1741
377,0.1015,0.0728,0.1771,0.1169,0.3933,0.8615,0.0458,0.0290,0.0782,3.2954,0.1893,3.8833,0.2219
378,0.0839,0.0692,0.1594,0.1250,0.2373,0.6749,0.0533,0.0335,0.0722,3.2839,0.1471,3.8014,0.1775
379,0.1779,0.1549,0.2942,0.5164,1.4288,2.5722,0.1162,0.0919,0.2024,7.0496,0.2644,8.2566,0.3115
380,0.2402,0.4262,0.7464,0.6539,1.4342,3.5010,0.1159,0.0942,0.1926,6.9797,0.2579,8.2729,0.4232
381,0.5119,0.3979,0.9036,0.6563,1.5653,4.0351,0.1099,0.0801,0.1685,6.8542,0.3596,8.1302,0.4963
382,0.1065,0.1989,0.5996,0.6524,1.2706,2.8281,0.1220,0.0844,0.1674,7.1334,0.5282,8.6943,0.3253
383,0.2811,0.4016,0.7703,0.6635,1.2750,3.3914,0.0961,0.0777,0.1628,6.5883,0.3046,7.7083,0.4400
384,0.1170,0.2104,1.7959,0.6528,1.4121,4.1882,0.0906,0.0835,0.1964,6.7109,0.3534,7.9518,0.5267
385,0.0951,0.0770,0.2971,0.1741,0.4291,1.0723,0.0667,0.0664,0.1183,5.2650,0.2074,6.1581,0.1741
386,0.4063,0.3434,0.9010,0.9048,1.5548,4.1104,0.1490,0.1117,0.2164,7.9773,0.5323,9.7433,0.4219
387,0.5091,0.3688,3.5368,0.6726,1.4589,6.5461,0.0916,0.0777,0.1619,6.7995,0.3147,7.9782,0.8205
388,0.3873,0.1398,0.7868,0.6024,1.6406,3.5568,0.0916,0.0806,0.1930,6.4057,0.2897,7.5735,0.4696
389,0.1953,0.1591,0.3105,0.4913,1.4331,2.5893,0.1045,0.0871,0.2000,6.6235,0.3355,7.8466,0.3300
390,0.1787,0.1469,0.3065,0.2435,4.0428,4.9183,0.0821,0.0696,0.1373,5.6184,0.2496,6.6278,0.7421
391,0.1727,0.1158,0.2695,0.2109,1.2407,2.0096,0.0967,0.0851,0.1712,6.5943,0.4906,7.9961,0.2513
392,0.0617,0.1156,0.3413,0.2249,1.1459,1.8894,0.0945,0.0971,0.1722,7.0254,0.3999,8.3088,0.2274
393,0.1841,0.2069,0.9076,0.6868,1.7008,3.6862,0.0966,0.0847,0.1879,5.6928,0.1616,6.6660,0.5530
394,0.2793,0.3338,0.9315,0.6981,1.2837,3.5265,0.1161,0.0958,0.1897,6.2715,0.2392,7.5050,0.4699
395,0.2707,0.3448,0.7162,0.6212,1.1355,3.0885,0.1103,0.0885,0.1651,6.1211,0.2818,7.2980,0.4232
396,0.2705,0.3147,0.7520,0.6369,1.2539,3.2279,0.1108,0.0917,0.1873,6.3480,0.3704,7.7906,0.4143
397,0.3492,0.2235,1.4807,0.7182,1.2747,4.0465,0.1136,0.1009,0.1914,6.1979,0.2312,7.4267,0.5448
398,0.2995,0.3338,0.9513,0.6838,1.3091,3.5774,0.1355,0.0930,0.1886,6.4648,0.3173,7.8340,0.4567
399,0.5054,0.3358,0.8085,0.9076,1.7129,4.2703,0.1073,0.1090,0.2627,6.9413,0.4198,8.5839,0.4975
400,0.4973,0.4026,0.8857,0.6273,2.3766,4.7894,0.1125,0.1256,0.1998,6.4576,0.3055,7.8760,0.6081
401,0.3167,0.5372,1.0994,0.6892,1.8796,4.5221,0.1178,0.0997,0.1995,6.7053,0.7897,8.6349,0.5237
402,0.2597,0.1658,0.4176,0.5365,1.3513,2.7309,0.1154,0.1018,0.1941,5.8481,0.2102,7.0833,0.3855
403,0.5497,0.3273,0.9639,0.6641,1.1451,3.6501,0.1121,0.1133,0.1816,6.5520,0.3552,7.9595,0.4586
404,0.3821,0.3899,0.9732,0.6627,1.5048,3.9127,0.1125,0.0884,0.1814,6.2597,0.2217,7.3876,0.5296
405,0.5040,0.3679,0.8678,0.6838,1.4372,3.8608,0.1205,0.0952,0.1908,6.5043,0.3203,7.8621,0.4911
406,0.5397,0.4397,1.0185,0.6797,1.4090,4.0865,0.0919,0.0819,0.1707,6.0903,0.2931,7.3091,0.5591
407,0.6258,0.3244,1.6498,0.6782,1.1072,4.3854,0.0938,0.0817,0.1653,6.4091,0.3293,7.6455,0.5736
408,0.4795,0.4588,0.7530,0.6156,1.3783,3.6852,0.0940,0.0805,0.1708,6.7927,0.3960,8.0914,0.4554
409,0.3488,0.2389,3.0811,0.6358,1.5030,5.8077,0.0938,0.0820,0.1758,6.4755,0.2798,7.6610,0.7581
410,0.5040,0.3311,0.8995,0.6805,1.3013,3.7164,0.0941,0.0830,0.1971,6.5793,0.2464,7.6972,0.4828
411,0.4946,0.3981,0.8365,0.6668,1.6531,4.0491,0.1144,0.0910,0.1870,6.6468,0.5397,8.2803,0.4890
412,0.4226,0.8269,0.8766,0.6615,2.1067,4.8942,0.1233,0.1187,0.3175,7.2529,0.4022,8.9180,0.5488
413,0.5139,0.3312,0.8503,0.9346,1.4120,4.0419,0.1519,0.1359,0.2877,6.9702,0.3386,8.8789,0.4552
414,0.2753,0.3740,1.1289,0.7116,1.5385,4.0283,0.0918,0.0830,0.1768,7.2190,0.3026,8.4537,0.4765
415,0.4977,0.3205,1.1096,0.6328,1.3473,3.9080,0.1099,0.0916,0.1908,7.9109,0.4129,9.3863,0.4163
416,0.5243,0.3305,1.0849,0.8821,1.1656,3.9874,0.1341,0.1299,0.5560,7.3471,0.3983,9.4845,0.4204
417,0.2714,0.7702,0.8250,0.6475,1.4408,3.9548,0.1038,0.0887,0.1819,6.6754,0.2548,7.8770,0.5021
418,0.4283,0.5065,1.0097,0.6763,1.3050,3.9257,0.1115,0.0967,0.2134,6.9133,0.2186,8.1365,0.4825
419,0.2707,0.3970,0.9863,0.6337,1.4166,3.7042,0.1079,0.1100,0.1811,7.6872,0.5236,9.2533,0.4003
420,0.2732,0.3660,1.1827,0.6700,1.5366,4.0285,0.0973,0.1100,0.1821,6.6398,0.3747,7.9244,0.5084
421,0.4915,0.3754,0.9121,0.6830,1.3688,3.8308,0.0956,0.1037,0.1707,7.3518,0.2368,8.4471,0.4535
422,0.4239,0.7012,0.9356,1.1369,1.4785,4.6761,0.1220,0.1573,0.2297,6.5614,0.1909,8.0224,0.5829
423,0.1339,0.2714,0.9052,0.6639,1.4019,3.3762,0.1068,0.0850,0.1695,8.0329,0.3864,9.2953,0.3632
424,0.2724,0.4012,0.9377,0.6570,1.6599,3.9283,0.2990,0.0926,0.1800,6.9737,0.4896,8.6165,0.4559
425,0.3231,0.3128,0.7748,0.6418,1.1999,3.2524,0.1025,0.1129,0.1826,6.9146,0.2772,8.1044,0.4013
426,0.5171,0.3213,1.4186,0.7068,1.4421,4.4059,0.1122,0.0846,0.1858,7.0968,0.2886,8.4092,0.5239
427,0.1375,0.3560,1.3896,0.6377,1.6160,4.1368,0.1429,0.0914,0.1827,7.1065,0.3785,8.5617,0.4832
428,0.4954,0.3400,2.3993,0.6981,1.4858,5.4185,0.1415,0.1028,0.2030,7.0411,0.4695,8.5939,0.6305
429,0.2087,0.1469,0.3198,0.6568,2.3474,3.6796,0.1206,0.1013,0.1831,7.4067,0.5363,8.9312,0.4120
430,0.1022,0.0725,0.4622,0.1505,0.4390,1.2265,0.0997,0.0720,0.1269,5.1887,0.2501,6.1466,0.1995
431,0.1863,0.1910,0.2480,0.2338,2.0421,2.9012,0.1138,0.0922,0.1751,5.6811,0.2706,6.9032,0.4203
432,0.1745,0.1367,0.9343,0.6502,1.7710,3.6668,0.1375,0.0934,0.1829,5.9172,0.2552,7.0779,0.5181
433,0.1968,0.1380,0.2958,0.8389,1.6415,3.1109,0.0920,0.0805,0.3545,6.1185,0.3089,7.5290,0.4132
434,0.2422,0.1445,0.3453,0.6456,1.6659,3.0436,0.0943,0.0861,0.1712,6.6245,0.4801,8.0362,0.3787
435,0.9845,0.4018,0.7530,0.6455,2.5668,5.3516,0.1148,0.0952,0.1743,5.9962,0.2437,7.2031,0.7430
436,0.2566,0.1714,0.7786,0.6442,1.5796,3.4304,0.0926,0.0795,0.1941,6.2371,0.2424,7.3421,0.4672
437,0.2437,0.3144,1.0574,0.6829,1.3349,3.6334,0.0947,0.0868,0.1760,7.5913,0.3418,8.8365,0.4112
438,0.2164,0.2179,3.0552,0.8680,1.5019,5.8593,0.1311,0.1632,0.2340,7.9557,0.4599,9.7732,0.5995
439,0.2595,0.1568,0.5813,0.6672,1.5128,3.1775,0.0930,0.0783,0.1662,6.1983,0.2552,7.2857,0.4361
440,0.1020,0.1716,0.4983,0.6267,1.4144,2.8131,0.0894,0.0761,0.1688,6.0435,0.2192,7.0663,0.3981
441,0.4297,0.2906,0.8042,0.6524,3.3060,5.4828,0.1195,0.0695,0.1357,6.3110,0.3982,7.7013,0.7119
442,0.2710,0.1697,0.7119,0.6482,1.5451,3.3459,0.1307,0.1025,0.2176,6.5545,0.3703,7.9733,0.4196
443,0.1094,0.1545,0.3013,0.5999,4.2529,5.4179,0.1339,0.0951,0.2059,6.3348,0.4188,7.7652,0.6977
444,0.1273,0.2625,1.2761,0.6977,1.6837,4.0473,0.0886,0.0760,0.1691,6.2681,0.4559,7.5925,0.5331
445,0.1273,0.3560,1.2375,0.6576,1.4165,3.7949,0.0974,0.0732,0.1334,6.3125,0.3605,7.4639,0.5084
446,0.1854,0.2347,0.7664,0.6242,1.2697,3.0806,0.1301,0.1027,0.2155,6.2710,0.3327,7.6857,0.4008
447,0.2934,0.3367,1.1384,0.7196,1.4828,3.9708,0.1328,0.1038,0.2200,6.4445,0.3630,8.0463,0.4935
448,0.3786,0.3795,0.9290,0.6417,1.3878,3.7165,0.0906,0.0771,0.1666,6.2868,0.8527,7.9901,0.4651
449,0.1670,0.2046,1.3308,0.6536,1.4704,3.8264,0.0966,0.0843,0.1719,6.8174,0.3807,8.1470,0.4697
450,0.3359,0.3282,1.1411,0.6908,1.8928,4.3888,0.0908,0.1077,0.1722,6.3892,0.4620,7.8299,0.5605
451,0.5009,0.4306,0.7893,0.6605,1.3063,3.6876,0.0913,0.0820,0.1667,6.5174,0.4224,7.8509,0.4697
452,0.3232,0.2895,0.8011,0.6468,1.4954,3.5560,0.1286,0.0925,0.4139,6.0512,0.2805,7.4732,0.4758
453,0.4496,0.3469,0.7507,0.6316,1.3429,3.5217,0.0979,0.0846,0.1711,6.8415,0.4115,8.2235,0.4282
454,0.1817,0.3341,1.2148,0.6836,1.3339,3.7480,0.0901,0.0771,0.1696,6.4518,0.3262,7.6402,0.4906
455,0.5013,0.3181,0.9522,0.6244,1.3723,3.7685,0.0918,0.0782,0.1846,6.2658,0.3659,7.5159,0.5014
456,0.2639,0.3520,1.0926,0.6171,1.3205,3.6461,0.0936,0.0822,0.1692,6.6556,0.3003,7.7760,0.4689
457,0.1787,0.3490,0.7317,0.6135,1.3855,3.2584,0.1010,0.0979,0.1864,6.8945,0.3678,8.1688,0.3989
458,0.1817,0.3279,0.9271,0.6554,1.2979,3.3900,0.1105,0.0930,0.1889,6.7564,0.3183,8.0615,0.4205
459,0.1806,0.3233,0.9006,0.6799,1.3414,3.4259,0.0961,0.0809,0.1617,6.6525,0.4136,8.0284,0.4267
460,0.2705,0.3429,0.7128,0.6339,1.2763,3.2363,0.0844,0.0737,0.1674,6.5995,0.3874,7.8622,0.4116
461,0.5307,0.3602,1.3626,0.6701,1.6018,4.5255,0.1231,0.1204,0.1958,7.3394,0.5571,9.0178,0.5018
462,0.2686,0.1723,0.7727,0.6473,1.6213,3.4822,0.1327,0.0893,0.1859,6.8123,0.4336,8.2608,0.4215
463,0.5035,0.3166,0.7317,0.6253,1.3673,3.5444,0.1244,0.1301,0.1864,6.8763,0.3304,8.2838,0.4279
464,0.5173,0.3279,0.7965,0.6283,3.4427,5.7127,0.0782,0.0613,0.1310,6.5818,0.3782,7.7698,0.7352
465,0.4176,0.3110,0.7703,0.6367,1.5656,3.7013,0.1204,0.0920,0.1888,6.8390,0.3577,8.1798,0.4525
466,0.2234,0.3689,2.5638,0.6826,1.3726,5.2113,0.0907,0.0870,0.1987,7.0082,0.3845,8.3280,0.6258
467,0.1845,0.3119,1.0275,0.6473,1.3600,3.5313,0.1134,0.0880,0.1760,6.5249,0.3463,7.8593,0.4493
468,0.2541,0.1600,1.4980,0.6990,1.4406,4.0517,0.1018,0.0806,0.1649,6.1327,0.2865,7.3292,0.5528
469,0.4129,0.3211,0.7427,0.6699,1.2607,3.4073,0.1357,0.1092,0.2073,5.8906,0.4239,7.4560,0.4570
470,0.3867,0.3109,0.7879,0.6466,1.6692,3.8012,0.0937,0.0790,0.1683,6.1917,0.3497,7.4483,0.5104
471,0.4434,0.3370,3.6889,0.6737,1.5048,6.6478,0.0995,0.0809,0.1654,6.8256,0.3916,8.1663,0.8141
472,0.4419,0.5139,0.7965,0.7056,1.4249,3.8828,0.0897,0.0965,0.1658,6.9890,0.3874,8.2589,0.4701
473,0.1234,0.3346,0.7069,0.6347,1.3898,3.1894,0.1330,0.0955,0.1936,5.8471,0.3196,7.1752,0.4445
474,0.4910,0.5243,0.9278,0.6474,1.1264,3.7168,0.1132,0.0926,0.1827,6.3036,0.3464,7.5395,0.4930
475,0.4991,0.3605,0.8420,0.6645,1.3818,3.7478,0.1305,0.0900,0.1799,6.4201,0.3987,7.8602,0.4768
476,0.5124,0.3315,1.0762,0.7061,1.5524,4.1787,0.1099,0.0848,0.1500,6.7107,0.4623,8.1251,0.5143
477,0.5097,0.3136,0.8254,0.7605,1.4839,3.8931,0.1245,0.0977,0.1917,7.2216,0.4898,8.8646,0.4392
478,0.5184,0.3542,1.0016,0.9055,1.4272,4.2070,0.1067,0.1132,0.2504,7.1041,0.4285,8.7792,0.4792
479,0.3835,0.3119,0.7145,0.7093,1.4883,3.6075,0.1216,0.0921,0.1806,7.5781,0.3702,9.0095,0.4004
480,0.5766,0.7985,0.8329,0.8896,1.8181,4.9158,0.1230,0.1339,0.2414,7.5416,0.3680,9.2227,0.5330
481,0.5341,0.3976,0.8050,0.9045,1.4966,4.1378,0.1085,0.1118,0.2126,7.5149,0.2753,8.9896,0.4603
482,0.4738,0.3510,0.8560,0.6291,1.2475,3.5574,0.0912,0.0842,0.1672,6.1537,0.3153,7.3065,0.4869
483,0.5812,0.3678,0.7063,0.6145,1.3799,3.6497,0.0880,0.0763,0.1624,7.5432,0.4454,8.8583,0.4120
484,0.4493,0.3527,0.9508,0.9143,1.3087,3.9758,0.1094,0.1132,0.2209,7.0334,0.4734,8.7654,0.4536
485,0.5140,0.3462,0.9436,1.0038,1.4401,4.2477,0.1354,0.1735,0.2407,7.0114,0.4645,8.8897,0.4778
486,1.5713,0.3761,0.8035,0.8713,1.3949,5.0171,0.1311,0.1307,0.2796,8.0291,0.4520,9.8676,0.5084
487,0.1574,0.3701,0.8559,0.6660,1.2746,3.3241,0.1055,0.0938,0.1842,6.1487,0.3034,7.4264,0.4476
488,0.1897,0.3270,1.0614,0.6552,1.2797,3.5130,0.1281,0.0958,0.1924,7.6351,0.4352,9.1903,0.3823
489,0.2359,0.4251,1.5230,0.7063,1.3225,4.2127,0.1302,0.0938,0.1904,6.3784,0.3022,7.5977,0.5545
490,0.2637,0.4701,0.7946,0.6393,1.2602,3.4279,0.1124,0.0916,0.1877,6.3099,0.3579,7.6885,0.4459
491,0.2336,0.3759,1.2103,0.6849,1.4865,3.9913,0.1208,0.1192,0.1888,6.7632,0.5076,8.3568,0.4776
492,0.4658,0.3535,0.9938,0.9339,1.1745,3.9216,0.1427,0.1288,0.2433,8.0038,0.8449,10.3774,0.3779
493,0.4957,0.3810,0.7928,0.6621,1.3196,3.6514,0.1114,0.1233,0.1979,6.8247,0.3998,8.3187,0.4389
494,0.1917,0.4311,0.8321,0.6060,1.2722,3.3331,0.1252,0.0946,0.1925,6.3600,0.3754,7.7746,0.4287
495,0.2956,0.3319,1.1906,0.6821,1.3978,3.8979,0.1149,0.0944,0.1919,6.3650,0.3773,9.0516,0.4306
496,0.5059,0.4128,1.3758,0.7777,1.4265,4.4988,0.0934,0.0820,0.1652,6.7170,0.3793,8.0253,0.5606
497,0.2299,0.3115,0.8079,0.7050,1.4861,3.5404,0.1142,0.0954,0.1863,7.5527,0.4735,9.1166,0.3883
498,0.2685,0.4802,0.9669,0.6753,1.2680,3.6589,0.1159,0.0976,0.4853,6.2945,0.3352,7.9510,0.4602
499,0.2035,0.2843,3.5044,0.6696,1.4833,6.1451,0.1188,0.1145,0.1919,6.5331,0.4205,8.0054,0.7676
500,0.2348,0.3695,1.8113,0.6499,1.5126,4.5781,0.1011,0.0842,0.1720,8.3771,0.6713,10.7110,0.4274
501,0.5002,0.3616,0.9304,0.9475,1.3593,4.0990,0.2209,0.2398,0.2587,7.8363,0.3922,9.8793,0.4149
502,0.3196,0.3370,0.9175,0.7075,1.7266,4.0083,0.1157,0.1044,0.2262,6.1572,0.3144,7.4979,0.5346
503,0.3452,0.2309,0.7981,0.6553,1.6210,3.6505,0.1161,0.0947,0.1831,6.7052,0.3089,8.1075,0.4503
504,0.4602,0.3461,0.9288,0.6524,1.4291,3.8166,0.0891,0.0767,0.1681,6.4956,0.2802,7.6077,0.5017
505,0.5042,0.3252,1.3080,0.7193,1.6683,4.5250,0.1110,0.0930,0.1874,7.2239,0.3408,8.5598,0.5286
506,0.4373,0.3461,1.2162,0.6457,1.2416,3.8869,0.1248,0.0975,0.2219,7.7453,0.4710,9.3315,0.4165
507,0.4581,0.5709,1.1407,0.8176,1.3830,4.3703,0.1101,0.0944,0.1837,6.9793,0.3887,8.4025,0.5201
508,0.3454,0.2202,0.8366,0.6887,1.5985,3.6894,0.1155,0.0967,0.1881,5.7857,0.2791,7.2169,0.5112
509,0.2857,0.2999,1.0200,0.7031,1.4735,3.7823,0.0920,0.0818,0.1691,6.1968,0.2817,7.3490,0.5147
510,0.5049,0.3228,0.9496,0.7714,1.2759,3.8246,0.1071,0.0938,0.1844,7.1386,0.4664,8.6164,0.4439
511,0.5127,0.3503,0.9765,0.6999,1.3620,3.9014,0.1434,0.0958,0.1883,7.1011,0.4592,8.6927,0.4488
512,0.3050,0.3255,0.8193,0.6718,1.3368,3.4583,0.1139,0.0903,0.1877,5.9262,0.2871,7.1701,0.4823
513,0.2717,0.3516,0.7274,0.6489,1.3172,3.3167,0.1119,0.0924,0.1842,6.2221,0.3520,7.5488,0.4394
514,0.1880,0.3517,0.9129,0.6476,1.3931,3.4934,0.1078,0.0940,0.1872,6.4213,0.4211,7.8769,0.4435
515,0.2923,0.3340,0.9773,0.6573,1.4025,3.6634,0.0912,0.0788,0.1935,6.3407,0.5806,7.8644,0.4658
516,0.2743,0.4355,0.8232,0.6079,1.5696,3.7106,0.1059,0.0825,0.1950,6.3179,0.3386,7.5819,0.4894
517,0.2781,0.3499,0.9306,0.6587,1.4247,3.6420,0.1118,0.0917,0.2071,6.4230,0.3852,7.8643,0.4631
518,0.2782,0.3544,0.7793,0.6672,1.3349,3.4141,0.1172,0.0951,0.1949,6.3683,0.3935,7.8348,0.4358
519,0.3583,0.3800,4.1360,0.9442,1.3667,7.1852,0.1238,0.1173,0.2444,8.5275,0.4761,10.3754,0.6925
520,0.1895,0.4674,0.9922,0.7029,1.4568,3.8088,0.1144,0.0965,0.1898,6.2485,0.4721,7.8174,0.4872
521,0.2393,0.3413,0.8106,0.6781,1.4747,3.5439,0.1149,0.0932,0.1904,6.4647,0.3076,7.7902,0.4549
522,0.4569,0.8203,0.8603,0.6815,1.2676,4.0867,0.1108,0.1120,0.1882,6.3108,0.3152,7.6793,0.5322
523,0.4991,0.3506,0.8370,0.9434,1.4614,4.0915,0.1560,0.1351,0.2477,8.3490,0.4320,10.3280,0.3962
524,0.2713,0.4138,1.1690,0.6671,1.6436,4.1649,0.1206,0.0946,0.1943,6.4951,0.3437,7.9306,0.5252
525,0.3212,0.4353,0.7869,0.6304,1.3595,3.5333,0.0951,0.0837,0.1723,6.1812,0.2057,7.2498,0.4874
526,0.1037,0.0829,0.2126,0.1543,0.2587,0.8122,0.0715,0.0568,0.1419,4.9503,0.2446,5.8306,0.1393
527,0.4865,0.4801,0.7983,0.9243,2.7780,5.4673,0.1102,0.1143,0.2152,7.0559,0.5085,8.9003,0.6143
528,1.0197,0.3368,0.7425,0.6409,1.2512,3.9910,0.0890,0.0992,0.1809,6.4340,0.3291,7.6565,0.5213
529,0.1868,0.4931,0.7306,0.6431,1.4050,3.4587,0.1205,0.0951,0.1909,6.3385,0.4360,7.7736,0.4449
530,0.2118,0.5049,0.7461,0.6059,1.6504,3.7191,0.0882,0.0801,0.1866,6.2348,0.4107,7.5414,0.4932
531,0.3215,0.4874,0.7860,0.8438,1.5251,3.9638,0.0962,0.0859,0.2234,7.6186,0.3462,8.9114,0.4448
532,0.3750,0.3270,0.9291,0.8622,1.3604,3.8536,0.1117,0.1155,0.2751,7.4152,0.3134,8.9208,0.4320
533,0.5717,0.3843,0.7485,0.6899,1.2867,3.6811,0.2705,0.1101,0.1891,6.6188,0.2384,7.9043,0.4657
534,0.3200,0.5361,1.7686,0.6865,1.4681,4.7793,0.1352,0.1127,0.2184,7.2215,0.4937,9.0643,0.5273
535,0.5420,0.3565,0.8151,0.8903,1.3170,3.9209,0.1491,0.1356,0.2532,7.8284,0.4453,9.7370,0.4027
536,0.5294,0.8892,0.9897,0.9050,1.8342,5.1475,0.1158,0.1285,0.6327,7.7139,0.5373,9.9136,0.5192
537,0.4815,0.3754,1.2126,0.7109,1.4467,4.2270,0.1218,0.1013,0.2476,6.2917,0.3402,8.0224,0.5269
538,0.2739,0.2059,0.8125,0.6749,1.6239,3.5912,0.1053,0.0854,0.1818,7.7763,0.4031,9.1664,0.3918
539,0.5007,0.4241,0.7933,0.8574,1.4057,3.9812,0.1104,0.1121,0.2223,8.2202,0.3748,9.7790,0.4071
540,0.2670,0.3360,0.6910,0.6597,1.1765,3.1301,0.1106,0.0825,0.1724,7.3837,0.5572,8.8721,0.3528
541,0.2713,0.1981,0.6868,0.6039,1.2452,3.0053,0.1233,0.0979,0.1788,5.6597,0.2651,6.8676,0.4376
542,0.1837,0.2077,0.8444,0.6510,1.3039,3.1907,0.1176,0.0987,0.2139,6.7203,0.3193,8.1148,0.3932
543,0.3077,0.3643,1.2078,0.7058,1.4641,4.0497,0.1239,0.0994,0.1935,7.2262,0.4571,8.7602,0.4623
544,0.2700,0.6198,1.1012,0.6634,1.6313,4.2858,0.0886,0.0765,0.1685,6.7439,0.3191,7.8947,0.5429
545,0.1661,0.2431,1.0397,0.6986,1.2917,3.4392,0.0918,0.1033,0.1692,7.1792,0.4040,8.5341,0.4030
546,0.5366,0.4013,0.8803,0.6242,1.4409,3.8833,0.1119,0.0945,0.1960,7.1151,0.4102,8.5102,0.4563
547,0.5326,0.3636,0.9837,0.6797,1.3017,3.8613,0.1124,0.0947,0.1838,6.8043,0.3304,8.0727,0.4783
548,0.5235,0.3679,0.9545,0.6878,2.2874,4.8210,0.1140,0.1100,0.1888,6.6913,0.3745,8.0870,0.5961
549,0.1940,0.2469,0.7535,0.6127,1.6620,3.4691,0.2026,0.0958,0.1757,5.6751,0.2302,6.8442,0.5069
550,0.5284,0.3453,0.8366,0.6239,1.3120,3.6462,0.1163,0.0961,0.3869,6.8978,0.4641,8.6224,0.4229
551,0.2488,0.3270,0.8831,0.6552,2.7571,4.8712,0.0949,0.0822,0.1573,6.3495,0.2315,7.4399,0.6547
552,0.1681,0.2106,0.7629,0.6486,1.2938,3.0839,0.0897,0.0815,0.1675,6.2791,0.2607,7.3474,0.4197
553,0.2515,0.3774,1.0058,0.6680,1.3914,3.6941,0.1104,0.0927,0.2098,8.4603,0.7350,10.2985,0.3587
554,0.5342,0.3432,1.0633,0.9599,1.3020,4.2026,0.1286,0.1746,0.2381,8.5633,0.6876,10.7338,0.3915
555,0.3513,0.3323,0.9124,0.6976,1.6896,3.9833,0.0940,0.0810,0.1686,6.3221,0.2613,7.4609,0.5339
556,1.5077,0.4897,1.4286,0.6971,1.3544,5.4775,0.1093,0.0936,0.1990,6.2816,0.3294,7.6721,0.7140
557,0.5409,0.3859,1.2539,0.6653,1.4605,4.3065,0.1168,0.1090,0.1986,6.5565,0.5327,8.2623,0.5212
558,0.5376,0.3314,0.9377,0.9605,1.4247,4.1919,0.1325,0.1714,0.2438,8.8020,0.5622,10.8065,0.3879
559,0.5073,0.3394,1.4377,0.7296,1.3504,4.3643,0.1267,0.1080,0.1945,6.4311,0.2104,7.6861,0.5678
560,0.1881,0.3370,0.9321,0.6855,2.9128,5.0555,0.0900,0.1012,0.1686,5.7132,0.1901,6.7685,0.7469
561,0.1231,0.4400,1.6029,0.7718,1.8246,4.7624,0.1276,0.1026,0.2255,6.8051,0.4982,8.4966,0.5605
562,0.4638,0.3987,1.9839,0.8126,1.7282,5.3872,0.1162,0.1058,0.2196,6.9802,0.4234,8.6002,0.6264
563,0.5256,0.3615,0.9131,0.6781,1.2220,3.7004,0.1102,0.1126,0.1824,6.2463,0.3380,7.6261,0.4852
564,0.5251,0.3303,1.2236,0.6728,1.5449,4.2967,0.1310,0.0981,0.2070,6.7122,0.2918,8.1691,0.5260
565,0.4654,0.4817,0.8342,0.8523,1.2531,3.8867,0.1769,0.1314,0.2326,7.0441,0.3953,8.8502,0.4392
566,0.7301,0.4522,2.2986,0.6809,1.4882,5.6501,0.6952,0.1321,0.2047,6.5851,0.3051,8.5576,0.6602
567,0.5271,0.3204,1.0086,0.6794,1.3127,3.8481,0.1167,0.0924,0.1865,6.2277,0.3150,7.6011,0.5063
568,1.0699,0.3505,0.9382,0.6853,1.2324,4.2763,0.1116,0.0952,0.1860,6.6147,0.3583,8.0131,0.5337
569,0.4979,0.3330,1.4271,0.6900,1.3823,4.3304,0.1110,0.0917,0.1861,6.2323,0.5544,7.7540,0.5585
570,0.5166,0.3318,0.9274,0.6345,1.2025,3.6127,0.1122,0.0939,0.2006,6.3912,0.2785,7.7194,0.4680
571,0.1932,0.3371,0.9206,0.6733,1.4022,3.5265,0.1126,0.0905,0.1838,6.5077,0.3043,7.8511,0.4492
572,0.2740,0.3753,0.7959,0.6470,1.4188,3.5111,0.1113,0.0910,0.2089,8.3581,0.3531,9.7117,0.3615
573,0.4293,0.4110,1.1419,0.6661,1.3206,3.9689,0.0974,0.1073,0.1736,6.4505,0.3029,7.7869,0.5097
574,0.2442,0.3200,0.8336,0.6874,1.3887,3.4739,0.0964,0.0882,0.1948,6.5827,0.3074,7.8670,0.4416
575,0.2727,0.3445,0.9849,0.6651,1.2288,3.4960,0.1104,0.0925,0.1626,6.6817,0.2633,7.8825,0.4435
576,0.2966,1.0849,0.8000,0.6976,1.8046,4.6837,0.1369,0.0993,0.1961,7.7785,0.6439,9.6283,0.4864
577,0.5337,1.1654,0.7846,0.9989,1.2664,4.7490,0.1104,0.1136,0.2173,7.5167,0.4082,9.2586,0.5129
578,0.5180,0.3161,0.8775,0.6856,1.2866,3.6838,0.0906,0.0817,0.1932,6.7940,0.3190,8.0122,0.4598
579,0.4661,0.6803,1.6702,0.6532,1.1915,4.6614,0.1198,0.0969,0.1742,6.7570,0.3250,8.0932,0.5760
580,0.6437,0.4595,2.3312,1.0051,1.5211,5.9606,0.4791,0.1528,0.2713,7.8192,0.4646,10.2092,0.5838
581,0.2587,0.4784,1.0089,0.6592,1.4409,3.8461,0.1258,0.0881,0.1729,6.7295,0.3471,8.6048,0.4470
582,0.1185,0.0828,0.1414,0.1061,0.2314,0.6802,0.0588,0.0500,0.0569,3.5803,0.1673,4.1459,0.1641
583,0.5082,0.3282,0.9542,0.6937,1.1232,3.6074,0.1184,0.0950,0.2078,6.8147,0.3983,8.3200,0.4336
584,0.5253,0.3319,0.9074,0.6584,1.9636,4.3866,0.0968,0.0784,0.1748,7.1056,0.4796,8.5139,0.5152
585,0.0675,0.0818,0.2326,0.1502,0.7615,1.2935,0.0765,0.0625,0.1324,5.1558,0.2050,6.0071,0.2153
586,0.2715,0.1705,0.8200,0.6473,1.5644,3.4737,0.1159,0.1179,0.1959,6.5830,0.3077,7.9146,0.4389
587,0.0949,0.0740,0.1743,0.1380,0.2828,0.7639,0.0350,0.0248,0.0833,5.4479,0.1612,5.9445,0.1285
588,0.2897,0.2635,2.2269,0.5950,1.2212,4.5964,0.0943,0.0751,0.1838,5.9812,0.1984,6.9930,0.6573
589,0.1247,0.0846,0.2227,0.1493,0.3858,0.9672,0.0739,0.0831,0.1289,4.9183,0.1623,5.7302,0.1688
590,0.2114,0.1043,0.2784,0.4768,1.5124,2.5833,0.1127,0.1167,0.2203,6.7771,0.4145,8.3662,0.3088
591,0.1064,0.0712,0.1641,0.1088,0.2390,0.6895,0.0301,0.0227,0.0853,3.2775,0.1468,3.7269,0.1850
592,0.2597,0.1188,1.0183,0.6443,1.2952,3.3363,0.0959,0.0876,0.1761,6.1597,0.1872,7.1691,0.4654
593,0.5150,0.3722,0.8468,0.9862,1.3038,4.0240,0.1369,0.1297,0.2369,8.0001,0.5150,9.8049,0.4104
594,0.5063,0.3159,0.9187,0.6269,1.5277,3.8955,0.1226,0.0958,0.1823,6.8314,0.4461,8.1727,0.4766
595,0.5328,0.3707,1.1183,0.8800,1.9349,4.8367,0.1180,0.1141,0.2250,8.0459,0.5123,9.8827,0.4894
596,0.4767,0.3524,2.9965,0.8682,1.2239,5.9177,0.1087,0.1078,0.2162,8.9633,0.5070,10.6440,0.5560
597,0.1891,0.3090,0.9596,0.6547,1.5885,3.7009,0.1181,0.0980,0.1930,6.4372,0.3559,7.8613,0.4708
598,0.1919,0.3388,1.1272,0.7614,1.2460,3.6653,0.0926,0.0863,0.1744,5.8851,0.2347,6.9724,0.5257
599,0.5080,0.3289,1.0875,0.6697,1.6019,4.1960,0.0947,0.0831,0.1707,6.8041,0.4118,8.1332,0.5159
600,0.4655,0.3367,1.0205,0.6131,1.9631,4.3988,0.1019,0.0862,0.1759,6.3820,0.2716,7.5717,0.5810
601,0.3062,0.3363,0.7817,0.8920,1.5578,3.8739,0.1696,0.1310,0.2330,8.1921,0.2944,9.8164,0.3946
602,0.5787,0.4670,0.7998,0.8773,2.1275,4.8503,0.8276,0.1533,0.3029,6.2592,0.2494,8.6051,0.5637
603,0.1210,0.1854,0.5519,0.6262,1.2880,2.7725,0.0968,0.0882,0.1737,6.4402,0.3529,7.7199,0.3591
604,0.4339,0.3383,0.7514,0.6487,1.2935,3.4658,0.0998,0.0821,0.1777,6.4286,0.4850,7.8165,0.4434
605,0.2645,0.4285,1.0842,1.1350,1.3264,4.2386,0.1370,0.1683,0.2361,7.0562,0.4203,9.1457,0.4634
606,0.1843,0.3155,0.8398,0.6551,1.3673,3.3620,0.0967,0.0897,0.1748,6.2938,0.4028,7.6664,0.4385
607,0.4912,0.3526,1.0922,0.5580,1.4639,3.9579,0.1214,0.1051,0.1800,6.3942,0.3219,7.8064,0.5070
608,0.4222,0.3444,0.7807,0.6536,1.4253,3.6263,0.1219,0.0970,0.1962,6.6404,0.3079,7.9848,0.4542
609,0.1954,0.3691,0.8225,0.6309,1.3095,3.3275,0.1145,0.0977,0.1962,6.3186,0.3528,7.7294,0.4305
610,0.1833,0.3431,0.8244,0.6674,1.3648,3.3830,0.1159,0.0980,0.1983,6.6065,0.4007,8.1289,0.4162
611,0.2325,0.3694,0.8442,0.6614,1.4569,3.5644,0.1129,0.0839,0.1729,6.4947,0.3819,7.8485,0.4542
612,0.2518,0.2958,0.7812,0.6598,1.3321,3.3207,0.1066,0.0895,0.1772,6.1470,0.2535,7.3298,0.4530
613,0.1195,0.3428,1.0332,0.6796,1.4027,3.5778,0.1007,0.0900,0.1789,7.2334,0.2805,8.3910,0.4264
614,0.1879,0.3642,0.8258,0.6250,1.8622,3.8650,0.1251,0.0995,0.2156,6.3866,0.2946,8.3608,0.4623
615,0.3121,0.3158,1.0858,0.6408,1.4882,3.8427,0.0962,0.0808,0.1752,6.3099,0.4094,7.6163,0.5045
616,0.2643,0.3477,1.2916,0.6695,1.1448,3.7178,0.0949,0.0850,0.2098,6.6367,0.3833,7.9841,0.4657
617,0.2694,0.3480,0.8963,0.6366,1.2876,3.4379,0.0948,0.0844,0.1729,6.7455,0.3882,8.0550,0.4268
618,0.2691,0.3933,0.9617,0.6443,2.2202,4.4887,0.0956,0.0879,0.1754,6.8110,0.2970,8.0094,0.5604
619,0.2715,0.3721,0.9722,0.6590,1.6254,3.9002,0.0975,0.2843,0.1812,6.5711,0.2988,7.9864,0.4884
620,0.2759,0.3546,0.9630,0.6446,1.2179,3.4560,0.0962,0.0884,0.1724,6.6734,0.2809,7.8276,0.4415
621,0.1082,0.3381,0.9614,0.6616,1.2317,3.3010,0.1019,0.0887,0.1818,6.0691,0.2142,7.1451,0.4620
622,0.2503,0.3143,0.9135,0.6653,1.2475,3.3909,0.1102,0.0980,0.1867,6.6661,0.2837,7.9388,0.4271
623,0.2945,0.3465,0.8699,0.6541,1.2671,3.4321,0.1061,0.0875,0.1790,7.3606,0.4742,8.8102,0.3896
624,0.4999,0.3377,1.0017,0.9464,1.5005,4.2861,0.1156,0.0945,0.2152,6.7814,0.3115,8.1471,0.5261
625,0.1847,0.3575,0.8223,0.6351,1.3545,3.3540,0.1034,0.0889,0.1750,6.9583,0.3794,8.2766,0.4052
626,0.4987,0.3193,0.9461,0.6649,1.2904,3.7194,0.1135,0.1010,0.2096,7.3077,0.5540,8.9478,0.4157
627,0.5037,0.3471,1.0339,0.6770,1.2251,3.7868,0.1341,0.0975,0.1997,7.1223,0.3947,8.6740,0.4366
628,0.1737,0.2174,0.8336,0.6634,1.2420,3.1302,0.1087,0.0969,0.2093,5.6789,0.4096,7.0871,0.4417
629,0.3037,0.3339,1.0940,0.8350,1.4102,3.9769,0.1345,0.1080,0.1965,6.9881,0.3644,8.4688,0.4696
630,0.2767,0.3531,0.9773,0.6593,1.2913,3.5577,0.1101,0.0950,0.2200,6.4014,0.3186,7.7410,0.4596
631,0.5229,0.3309,0.9937,0.6724,1.3897,3.9097,0.1350,0.0954,0.1871,6.0968,0.2733,7.3913,0.5290
632,0.1821,0.3531,0.9488,0.6318,1.2292,3.3449,0.1152,0.0961,0.1902,6.3839,0.3906,7.8428,0.4265
633,0.2681,0.3671,0.8376,0.6385,1.4024,3.5136,0.1120,0.0980,0.6448,6.4709,0.3331,8.2572,0.4255
634,0.2722,0.3483,0.9788,0.6578,3.7404,5.9975,0.1069,0.0974,0.1983,8.4794,0.5356,10.0799,0.5950
635,0.2088,0.3259,1.1011,0.6053,1.3684,3.6095,0.0962,0.1085,0.1453,6.5741,0.3495,7.8117,0.4621
636,0.2681,0.3447,0.9759,0.6698,1.2655,3.5240,0.1081,0.0912,0.2100,6.8964,0.3262,8.2363,0.4279
637,0.1949,0.3047,0.9519,0.6626,1.4683,3.5823,0.1221,0.0975,0.1975,6.2822,0.3485,7.6922,0.4657
638,0.4444,0.3703,0.9428,0.6705,1.6431,4.0710,0.1197,0.0972,0.1918,6.9955,0.5721,8.6372,0.4713
639,0.1291,0.1670,0.8396,0.6937,2.5791,4.4084,0.1151,0.0983,0.1848,7.1674,0.4458,8.7036,0.5065
640,0.1309,0.0765,0.2255,0.1209,0.2474,0.8011,0.0331,0.0324,0.1507,4.3584,0.2828,5.0634,0.1582
641,0.1077,0.0625,0.1653,0.1205,0.2069,0.6629,0.0305,0.0209,0.0867,3.7536,0.1439,4.2012,0.1578
642,0.1127,0.0658,0.1425,0.1220,0.2008,0.6439,0.0285,0.0203,0.0877,3.3958,0.1519,3.8441,0.1675
643,0.1366,0.0934,0.2210,0.1752,0.3835,1.0098,0.1013,0.0712,0.1439,5.6573,0.1653,6.5975,0.1531
644,0.4308,0.3266,0.8351,0.6505,1.3031,3.5461,0.0941,0.0826,0.1693,6.5249,0.3702,7.7773,0.4559
645,0.4793,0.6008,0.8775,0.4780,1.5448,3.9804,0.1284,0.0860,0.1715,6.9454,0.2720,8.1329,0.4894
646,0.1755,0.3576,0.7424,0.6382,1.3399,3.2536,0.0883,0.0834,0.1679,6.1588,0.3350,7.3424,0.4431
647,0.0540,0.0952,0.2543,0.1755,1.3469,1.9259,0.0812,0.0671,0.1397,6.0297,0.2643,7.0089,0.2748
648,0.1124,0.1176,0.1289,0.1065,0.1992,0.6646,0.0358,0.0238,0.0864,4.4186,0.1560,4.9059,0.1355
649,0.0974,0.0713,0.1988,0.1292,0.2860,0.7826,0.0343,0.0250,0.0836,4.7465,0.1600,5.2511,0.1490
650,0.4556,2.5745,0.5914,0.4747,1.2504,5.3464,0.0693,0.0559,0.1244,5.7776,0.2658,6.6541,0.8035
651,0.1914,0.1465,0.3976,0.2341,0.7173,1.6869,0.1174,0.1953,0.0704,3.9861,0.2286,5.3143,0.3174
652,0.0552,0.0984,0.2936,0.2639,0.3410,1.0520,0.0576,0.0387,0.0664,5.0109,0.1565,5.5935,0.1881
653,0.6923,0.4142,0.8051,0.6535,3.7842,6.3493,0.0927,0.0860,0.2148,6.7710,0.2291,7.8844,0.8053
654,0.2130,0.1533,1.0077,0.6533,1.2927,3.3200,0.0902,0.0835,0.1875,6.3626,0.3313,7.5779,0.4381
655,0.1031,0.1689,0.3208,0.5228,1.6487,2.7644,0.0950,0.0814,0.1658,7.1220,0.2428,8.2163,0.3364
656,0.2074,0.1298,0.3245,0.6384,1.3117,2.6118,0.0957,0.0879,0.1935,6.0935,0.1970,7.1287,0.3664
657,0.1939,0.2649,0.7321,0.6376,1.4528,3.2814,0.1136,0.0874,0.1737,6.6906,0.2733,7.8565,0.4177
658,0.5203,0.3374,0.7606,0.6534,1.2522,3.5239,0.0930,0.1020,0.1719,6.4352,0.3767,7.7332,0.4557
659,0.3965,0.3172,0.7432,0.6333,1.4363,3.5267,0.0933,0.0823,0.1694,6.8037,0.4840,8.2253,0.4288
660,0.4117,0.3247,1.0636,0.6694,1.7706,4.2400,0.0940,0.1039,0.1704,6.6901,0.3498,7.9651,0.5323
661,0.1994,0.2966,0.8857,0.6857,1.4270,3.4944,0.1149,0.0960,0.1924,6.7718,0.2299,8.0078,0.4364
662,0.1811,0.1049,0.3300,0.4708,1.4975,2.5844,0.1114,0.0817,0.1728,6.0391,0.2313,7.1217,0.3629
663,0.3197,0.2382,0.8414,0.6928,1.4051,3.4972,0.0975,0.0832,0.1706,6.9994,0.5054,8.5020,0.4113
664,0.2564,0.1639,0.5353,0.6330,1.6908,3.2794,0.0946,0.0817,0.1752,6.5951,0.2935,7.7348,0.4240
665,0.0971,0.0673,0.1351,0.1010,0.2183,0.6188,0.0283,0.0202,0.0872,3.3665,0.1479,3.8013,0.1628
666,0.4635,0.7036,0.9767,0.6315,1.4061,4.1814,0.1118,0.0837,0.1749,6.5193,0.3011,7.7443,0.5399
667,0.1490,0.3728,1.4721,0.6155,1.4873,4.0967,0.1027,0.1058,0.1732,6.7805,0.4662,8.1996,0.4996
668,0.2748,0.3508,1.0381,0.6882,1.3848,3.7366,0.1322,0.0965,0.1897,6.2612,0.2450,7.5120,0.4974
669,0.1462,0.3163,0.9335,0.6334,2.2005,4.2298,0.1071,0.1005,0.1819,6.1646,0.2360,7.3379,0.5764
670,0.1536,0.1963,0.6578,0.6127,1.3798,3.0002,0.0953,0.0843,0.1695,5.8892,0.2338,6.9648,0.4308
671,0.0855,0.1538,1.5056,0.6732,1.6138,4.0319,0.1106,0.0836,0.1642,6.3884,0.2190,7.5157,0.5365
672,0.1254,0.1774,0.7186,0.6529,1.3891,3.0635,0.1210,0.0951,0.2132,6.7077,0.4234,8.2007,0.3736
673,0.1719,0.3267,2.9859,0.6630,1.3144,5.4619,0.1101,0.0949,0.1883,6.6128,0.2989,7.9742,0.6849
674,0.2420,0.3978,0.8552,0.6613,1.3731,3.5295,0.1044,0.0873,0.1806,6.4136,0.4182,7.7894,0.4531
675,0.0809,0.0730,0.1276,0.1083,0.2210,0.6106,0.0301,0.0201,0.0864,3.8284,0.1498,4.2820,0.1426
676,0.0855,0.1243,0.3573,0.2255,2.3421,3.1347,0.0958,0.0842,0.1769,5.1328,0.1891,6.1929,0.5062
677,0.4401,0.3397,0.7681,0.6539,1.1390,3.3408,0.1123,0.0956,0.1860,6.2149,0.2453,7.4548,0.4481
678,0.4984,0.3183,0.8751,0.6310,1.1163,3.4392,0.1098,0.0932,0.1857,6.3853,0.3309,7.7594,0.4432
679,0.4761,0.3198,0.8045,0.6586,1.4271,3.6861,0.1021,0.0825,0.1917,6.2154,0.2500,7.3934,0.4986
680,0.1863,0.4015,0.8937,0.6467,1.5293,3.6574,0.1146,0.1125,0.1911,6.2246,0.2467,7.4949,0.4880
681,0.4908,0.3270,0.8937,0.6505,1.2999,3.6619,0.1185,0.0981,0.2126,6.4412,0.2844,7.8059,0.4691
682,0.2883,0.3306,1.0997,0.6383,1.3394,3.6963,0.1034,0.0882,0.1921,6.2753,0.3312,7.6004,0.4863
683,0.4500,0.3866,0.9204,0.6453,1.5033,3.9056,0.1132,0.0933,0.2081,6.2023,0.2472,7.4617,0.5234
684,0.5096,0.3422,0.8703,0.6587,1.2639,3.6447,0.1176,0.0926,0.2089,6.7814,0.3721,8.1420,0.4476
685,0.5590,0.3998,0.9200,0.6437,1.7427,4.2651,0.0982,0.0840,0.1734,6.1310,0.2495,7.2682,0.5868
686,0.6044,0.4126,0.9672,0.6806,1.4264,4.0911,0.1068,0.0866,0.1865,6.6675,0.2365,7.8330,0.5223
687,0.4141,0.3488,0.8022,0.6417,1.3019,3.5088,0.1000,0.0849,0.1712,6.3206,0.3078,7.5589,0.4642
688,0.4964,0.5571,0.8581,0.6404,1.2416,3.7937,0.1066,0.0881,0.2021,6.2568,0.2836,7.5185,0.5046
689,0.4520,0.4183,1.4858,0.6879,1.2165,4.2605,0.1127,0.0911,0.1828,6.1967,0.2708,7.4757,0.5699
690,0.4843,0.3621,4.0791,0.6696,1.3792,6.9743,0.1121,0.0939,0.2107,5.9683,0.2032,7.1528,0.9750
